time,id,lon,lat,alt,size,mac0,ssid0,channel0,signal0,mac1,ssid1,channel1,signal1,mac2,ssid2,channel2,signal2,mac3,ssid3,channel3,signal3,mac4,ssid4,channel4,signal4,mac5,ssid5,channel5,signal5,mac6,ssid6,channel6,signal6,mac7,ssid7,channel7,signal7,mac8,ssid8,channel8,signal8,mac9,ssid9,channel9,signal9,
2017-10-31 10:26:18,GT-I9500,34.9879644454481,32.1374749741613,47.5119947331826,8,c4:12:f5:85:03:b9,256_8503b3,2,-76,c4:12:f5:85:4f:df,Biber2,1,-79,c4:12:f5:85:4f:de,Biber1,60,-80,c4:12:f5:85:03:b8,256_8503b3_5G,48,-83,62:37:73:e4:f7:07,Bezeq Free,1,-85,74:da:38:ae:67:bb,Feldman_ext,6,-85,04:8d:38:7e:cf:a6,Avi_123,5,-88,80:37:73:e4:f7:06,brafman2_2.4,1,-88,
2017-10-31 10:26:21,GT-I9500,34.9881520041904,32.1377246464064,92.705730434229,2,c4:12:f5:85:03:b8,256_8503b3_5G,48,-76,f4:f2:6d:88:67:31,Zis,10,-88,
2017-10-31 10:26:22,GT-I9500,34.9882748210541,32.1378214163929,98.0335846097906,3,c4:12:f5:85:03:b9,256_8503b3,2,-55,c4:12:f5:85:03:b8,256_8503b3_5G,48,-68,74:da:38:47:8b:98,Edimax,6,-88,
2017-10-31 10:26:39,GT-I9500,34.9884148807809,32.1377520851091,97.6581125044875,1,f4:28:53:2d:bf:e4,TOTOLINK_2dbfe4,9,-88,
2017-10-31 10:26:46,GT-I9500,34.9883929591709,32.1377297082733,96.4620956156649,1,74:da:38:ae:67:bb,Feldman_ext,6,-79,
2017-10-31 10:26:52,GT-I9500,34.9883929591709,32.1377297082733,91.3563602028293,2,62:44:01:3a:56:43,Bezeq Free,11,-85,74:44:01:3a:56:42,Bezeq-n_5642,11,-88,
2017-10-31 10:27:12,GT-I9500,34.98836792886,32.1377092948486,93.2266497880974,1,c4:12:f5:85:4f:df,Biber2,1,-73,
2017-10-31 10:27:18,GT-I9500,34.9883678894292,32.1377183460632,93.1636682844963,1,f4:f2:6d:88:67:31,Zis,10,-82,
2017-10-31 10:27:38,GT-I9500,34.9883657809324,32.1377380760915,93.7326394629645,1,fc:15:b4:62:4d:bf,HP-Print-BF-Officejet 6700,1,-88,
2017-10-31 10:27:51,GT-I9500,34.9883679494323,32.1377313624451,93.9397610529725,1,80:37:73:e4:f7:06,brafman2_2.4,1,-82,
2017-10-31 10:28:05,GT-I9500,34.9883727901401,32.1377106014667,95.3538411692458,1,04:8d:38:7e:cf:a6,Avi_123,5,-82,
2017-10-31 10:28:16,GT-I9500,34.9883745955361,32.1377060220582,96.2594115683195,1,f4:28:53:2d:bf:e4,TOTOLINK_2dbfe4,9,-82,
2017-10-31 10:28:18,GT-I9500,34.9883741561942,32.1377026048304,96.2037000862251,1,c4:12:f5:85:4f:df,Biber2,1,-67,
2017-10-31 10:31:14,GT-I9500,34.9884412368421,32.1374604246697,94.1227663866881,1,74:44:01:3a:56:42,Bezeq-n_5642,11,-82,
2017-10-31 10:32:03,GT-I9500,34.9883517505993,32.1375730902194,94.8259070697984,1,62:37:73:e4:f7:07,Bezeq Free,1,-76,
09/11/2017 13:09,yishay,35.20891788,32.10350207,676.5159623,10,ec:8c:a2:08:94:1c,Ariel_University,40,-64,ec:8c:a2:08:94:18,Ariel_University,1,-67,1c:b9:c4:12:7c:cc,Ariel_University,36,-80,1c:b9:c4:92:7c:c7,,36,-81,8c:0c:90:2e:16:88,Ariel_University,8,-82,ec:8c:a2:08:78:cc,Ariel_University,40,-84,1c:b9:c4:16:d2:8c,Ariel_University,44,-85,1c:b9:c4:16:13:08,Ariel_University,11,-85,1c:b9:c4:16:28:ec,Ariel_University,36,-85,8c:0c:90:6e:16:88,,8,-85,
09/11/2017 13:10,yishay,35.20891124,32.10343206,685.6544214,4,1c:b9:c4:12:7c:c8,Ariel_University,11,-76,ec:8c:a2:88:94:17,,40,-78,ec:8c:a2:08:78:c8,Ariel_University,6,-85,c4:12:f5:85:12:7d,Si_2.4G,5,-88,
09/11/2017 13:11,yishay,35.20889902,32.10339741,686.0590081,10,ec:8c:a2:08:94:18,Ariel_University,1,-61,1c:b9:c4:12:7c:c8,Ariel_University,11,-70,ec:8c:a2:88:94:17,,40,-72,1c:b9:c4:16:28:ec,Ariel_University,36,-76,ec:8c:a2:88:78:c7,,40,-80,c4:12:f5:85:12:7d,Si_2.4G,5,-82,1c:b9:c4:16:28:e8,Ariel_University,1,-82,1c:b9:c4:16:d2:88,Ariel_University,11,-82,1c:b9:c4:12:90:b8,Ariel_University,11,-85,1c:b9:c4:96:d2:87,,44,-85,
09/11/2017 13:12,yishay,35.20883679,32.10342428,687.269037,10,00:1a:dd:f5:cb:a5,Afikim_Wifi,11,-55,ec:8c:a2:08:78:3c,Ariel_University,40,-69,ec:8c:a2:08:7a:1c,Ariel_University,36,-72,ec:8c:a2:08:78:38,Ariel_University,1,-73,1c:b9:c4:16:d2:88,Ariel_University,11,-74,ec:8c:a2:09:0c:c8,Ariel_University,1,-76,ec:8c:a2:08:7a:18,Ariel_University,1,-76,a0:4f:d4:3b:e9:01,Lidor a,6,-76,ec:8c:a2:08:78:c8,Ariel_University,6,-76,ec:8c:a2:08:78:3c,Ariel_University,40,-78,
09/11/2017 13:13,yishay,35.20817456,32.10348629,688.1047528,10,ec:8c:a2:08:7a:18,Ariel_University,1,-58,ec:8c:a2:08:7a:1c,Ariel_University,36,-60,ec:8c:a2:26:ae:28,Ariel_University,6,-61,ec:8c:a2:09:03:38,Ariel_University,1,-61,00:1a:dd:f5:c1:64,,9,-61,00:1a:dd:f5:c1:65,Afikim_Wifi,9,-61,ec:8c:a2:08:78:38,Ariel_University,1,-61,ec:8c:a2:26:b0:58,Ariel_University,11,-64,ec:8c:a2:08:a9:28,Ariel_University,11,-64,cc:d2:9b:9f:15:97,Mirror Link 1597,6,-64,
09/11/2017 13:14,yishay,35.20760254,32.10349742,682.4139997,10,ec:8c:a2:26:b0:58,Ariel_University,11,-43,ec:8c:a2:26:ae:28,Ariel_University,6,-49,ec:8c:a2:26:b0:58,Ariel_University,11,-52,ec:8c:a2:26:b0:58,Ariel_University,11,-58,ec:8c:a2:08:ab:d8,Ariel_University,1,-61,1c:b9:c4:15:36:78,Ariel_University,1,-64,ec:8c:a2:0a:08:b8,Ariel_University,6,-67,1c:b9:c4:15:36:88,Ariel_University,6,-70,a0:8c:fd:0a:14:5b,DIRECT-F1-HP DeskJet 3630 series,6,-70,ec:8c:a2:08:77:48,Ariel_University,6,-70,
09/11/2017 13:15,yishay,35.20712161,32.10365643,673.7779699,10,1c:b9:c4:15:1f:58,Ariel_University,11,-70,ec:8c:a2:08:a3:38,Ariel_University,6,-73,00:25:86:cc:00:f8,AUC_54_R,5,-73,00:27:22:f3:e1:da,,6,-73,70:5a:0f:5c:b0:0b,DIRECT-80-HP DeskJet 3630 series,6,-73,1c:b9:c4:16:06:38,Ariel_University,6,-73,00:25:86:cc:07:b2,KCG_54,2,-76,1c:b9:c4:14:38:28,Ariel_University,6,-76,1c:b9:c4:15:1f:5c,Ariel_University,44,-81,1c:b9:c4:95:1f:57,,44,-82,
09/11/2017 13:16,yishay,35.20703194,32.10406029,671.4129017,10,00:27:22:f3:e1:f4,,1,-73,f0:b0:52:3e:d1:e8,Ariel_University,1,-76,f0:b0:52:be:d4:57,,58,-79,1c:b9:c4:14:2b:a8,Ariel_University,1,-79,f0:b0:52:3e:d0:38,Ariel_University,11,-82,00:1a:dd:f5:e3:25,Afikim_Wifi,13,-82,1c:b9:c4:16:04:dc,Ariel_University,36,-83,f0:b0:52:3e:d4:5c,Ariel_University,58,-83,f0:b0:52:3e:d1:ec,Ariel_University,40,-83,f0:b0:52:be:d4:57,,58,-84,
09/11/2017 13:18,yishay,35.20741725,32.10447562,650.6739445,10,ec:8c:a2:26:d3:c8,Ariel_University,1,-55,00:27:22:f3:e0:7b,,11,-64,1c:b9:c4:15:3d:7c,Ariel_University,36,-67,b8:a3:86:0a:5f:3d,Karnaf,6,-70,1c:b9:c4:16:cd:68,Ariel_University,1,-70,1c:b9:c4:95:0e:b7,,36,-73,ec:8c:a2:08:ad:ec,Ariel_University,44,-73,1c:b9:c4:16:f4:38,Ariel_University,1,-73,58:20:b1:26:9c:90,DIRECT-BC-HP DeskJet 3830 series,6,-73,ec:8c:a2:09:da:6c,Ariel_University,36,-75,
01/01/1970 02:00,yishay,35.20255696,32.1016487,0.0,10,ec:8c:a2:26:d3:c8,Ariel_University,1,-46,60:e3:27:7b:db:32,,9,-49,60:e3:27:7b:db:32,,9,-49,60:e3:27:7b:db:32,,9,-49,60:e3:27:7b:db:32,,9,-52,60:e3:27:7b:db:32,,9,-52,1c:b9:c4:16:f4:3c,Ariel_University,36,-52,1c:b9:c4:16:f4:38,Ariel_University,1,-52,1c:b9:c4:16:f4:38,Ariel_University,1,-52,1c:b9:c4:16:f4:38,Ariel_University,1,-52,
09/11/2017 13:18,yishay,35.20727577,32.10440725,654.3611135,10,1c:b9:c4:15:0e:b8,Ariel_University,11,-55,00:27:22:f3:e0:7b,,11,-64,ec:8c:a2:26:d3:c8,Ariel_University,1,-64,ec:8c:a2:08:92:4c,Ariel_University,44,-68,1c:b9:c4:14:2b:a8,Ariel_University,1,-73,1c:b9:c4:16:f4:38,Ariel_University,1,-73,1c:b9:c4:15:3d:7c,Ariel_University,36,-74,ec:8c:a2:09:da:6c,Ariel_University,36,-75,00:27:22:f3:e0:83,,6,-76,ec:8c:a2:08:92:48,Ariel_University,11,-76,
09/11/2017 13:19,yishay,35.20716521,32.10450197,656.7753794,10,f0:b0:52:3e:d6:f8,Ariel_University,6,-58,f0:b0:52:3e:d1:e8,Ariel_University,1,-58,f0:b0:52:3e:d6:fc,Ariel_University,44,-66,ec:8c:a2:26:d2:c8,Ariel_University,11,-67,f0:b0:52:3e:d1:e8,Ariel_University,1,-67,f0:b0:52:be:c7:b7,,44,-71,f0:b0:52:3e:d1:ec,Ariel_University,40,-71,f0:b0:52:3e:ca:dc,Ariel_University,36,-72,f0:b0:52:3e:c7:bc,Ariel_University,44,-73,f0:b0:52:3e:d1:38,Ariel_University,6,-73,
09/11/2017 13:20,yishay,35.20717536,32.10508251,666.4811827,10,ec:8c:a2:26:d2:c8,Ariel_University,11,-61,f0:b0:52:3e:d4:58,Ariel_University,1,-64,f0:b0:52:3e:d0:38,Ariel_University,11,-67,f0:b0:52:3e:c7:b8,Ariel_University,1,-70,f0:b0:52:3e:d4:5c,Ariel_University,58,-71,f0:b0:52:3e:da:18,Ariel_University,6,-73,f0:b0:52:be:d4:57,,58,-73,f0:b0:52:3e:d0:3c,Ariel_University,36,-73,f0:b0:52:be:d6:f7,,44,-75,f0:b0:52:be:d0:37,,36,-76,
09/11/2017 13:21,yishay,35.20723664,32.10518685,666.8678626,10,f0:b0:52:3e:d4:58,Ariel_University,1,-55,ec:8c:a2:26:d2:c8,Ariel_University,11,-55,f0:b0:52:3e:d0:38,Ariel_University,11,-58,f0:b0:52:3e:c7:b8,Ariel_University,1,-58,f0:b0:52:3e:c7:bc,Ariel_University,44,-62,f0:b0:52:be:c7:b7,,44,-64,f0:b0:52:3e:d0:3c,Ariel_University,36,-66,f0:b0:52:be:d0:37,,36,-67,f0:b0:52:be:d4:57,,58,-67,f0:b0:52:3e:c7:bc,Ariel_University,44,-67,
09/11/2017 13:22,yishay,35.20724599,32.10519464,666.2785736,5,f0:b0:52:3e:da:18,Ariel_University,6,-58,f0:b0:52:3e:d6:fc,Ariel_University,44,-61,f0:b0:52:be:da:17,,58,-79,f0:b0:52:3e:cc:18,Ariel_University,11,-82,00:25:86:cc:00:f8,AUC_54_R,5,-88,
09/11/2017 13:23,yishay,35.20724899,32.10519563,665.9306947,10,f0:b0:52:3e:c8:dc,Ariel_University,44,-41,ec:8c:a2:26:d2:c8,Ariel_University,11,-43,f0:b0:52:3e:c8:d8,Ariel_University,11,-46,f0:b0:52:3e:c8:dc,Ariel_University,44,-49,ec:8c:a2:26:d2:c8,Ariel_University,11,-49,f0:b0:52:be:cc:17,,36,-51,f0:b0:52:3e:cc:18,Ariel_University,11,-52,f0:b0:52:be:c8:d7,,44,-53,f0:b0:52:3e:cc:1c,Ariel_University,36,-54,f0:b0:52:3e:c8:dc,Ariel_University,44,-56,
09/11/2017 13:24,yishay,35.2069934,32.10514225,667.5692951,5,b0:e2:35:d0:bb:a0,gili,6,-61,f0:b0:52:3e:c8:58,Ariel_University,6,-76,f0:b0:52:3e:d0:98,Ariel_University,1,-79,f0:b0:52:3e:d0:9c,Ariel_University,36,-82,b2:72:bf:7a:a4:da,AndroidAP,11,-82,
09/11/2017 13:25,yishay,35.20691527,32.10488108,645.400544,10,f0:b0:52:3e:c8:08,Ariel_University,1,-64,f0:b0:52:3e:ce:38,Ariel_University,1,-73,f0:b0:52:be:ce:37,,36,-75,ec:8c:a2:26:d2:98,Ariel_University,11,-76,f0:b0:52:3e:ce:3c,Ariel_University,36,-77,10:be:f5:3a:25:16,ariel_cyber,7,-82,1c:b9:c4:16:05:d8,Smart-Class 2.4,2,-82,f0:b0:52:be:d0:07,,44,-84,f0:b0:52:3e:d0:0c,Ariel_University,44,-84,f0:b0:52:be:61:c7,,40,-87,
01/01/1970 02:00,yishay,35.20850404,32.11019149,0.0,10,f0:b0:52:3e:c8:1c,Ariel_University,48,-49,f0:b0:52:3e:d6:f8,Ariel_University,6,-49,ec:8c:a2:26:d2:98,Ariel_University,11,-49,f0:b0:52:3e:c8:18,Ariel_University,11,-49,f0:b0:52:3e:c8:1c,Ariel_University,48,-49,f0:b0:52:3e:c8:1c,Ariel_University,48,-49,f0:b0:52:3e:c8:1c,Ariel_University,48,-50,f0:b0:52:3e:c8:1c,Ariel_University,48,-51,f0:b0:52:3e:c8:18,Ariel_University,11,-52,f0:b0:52:3e:c8:1c,Ariel_University,48,-52,
09/11/2017 13:25,yishay,35.20691527,32.10488108,645.400544,10,f0:b0:52:3e:c8:18,Ariel_University,11,-35,f0:b0:52:3e:c8:1c,Ariel_University,48,-38,f0:b0:52:be:c8:17,,48,-40,f0:b0:52:3e:c8:18,Ariel_University,11,-41,f0:b0:52:3e:c8:1c,Ariel_University,48,-43,f0:b0:52:be:c8:17,,48,-45,f0:b0:52:3e:c8:18,Ariel_University,11,-46,f0:b0:52:be:c8:07,,44,-57,f0:b0:52:3e:c8:08,Ariel_University,1,-58,f0:b0:52:3e:c8:0c,Ariel_University,44,-61,
09/11/2017 13:26,yishay,35.20691527,32.10488125,645.4050257,4,f0:b0:52:3e:cc:78,Ariel_University,6,-76,02:02:ae:de:32:ee,RelTele,1,-82,1a:fe:34:98:31:df,CLKDevices,1,-85,f0:b0:52:3e:d9:bc,Ariel_University,36,-90,
01/01/1970 02:00,yishay,35.2072278,32.10592523,0.0,10,f0:b0:52:3e:c8:18,Ariel_University,11,-38,f0:b0:52:3e:c8:1c,Ariel_University,48,-38,f0:b0:52:3e:c8:1c,Ariel_University,48,-39,f0:b0:52:be:c8:17,,48,-40,f0:b0:52:be:c8:17,,48,-40,f0:b0:52:3e:c8:18,Ariel_University,11,-40,f0:b0:52:3e:c8:1c,Ariel_University,48,-41,f0:b0:52:3e:c8:18,Ariel_University,11,-43,f0:b0:52:3e:ce:38,Ariel_University,1,-58,f0:b0:52:3e:c8:08,Ariel_University,1,-61,
09/11/2017 13:26,yishay,35.20690374,32.10487863,645.5077667,10,f0:b0:52:3e:c8:18,Ariel_University,11,-35,f0:b0:52:3e:c8:1c,Ariel_University,48,-41,f0:b0:52:be:c8:17,,48,-45,f0:b0:52:3e:c8:08,Ariel_University,1,-58,f0:b0:52:3e:c8:0c,Ariel_University,44,-62,f0:b0:52:3e:ce:38,Ariel_University,1,-67,f0:b0:52:3e:c8:08,Ariel_University,1,-67,f0:b0:52:3e:d6:f8,Ariel_University,6,-70,f0:b0:52:3e:d3:78,Ariel_University,1,-70,10:be:f5:3a:25:16,ariel_cyber,7,-76,
09/11/2017 13:32,yishay,35.20637347,32.10516295,709.6302555,4,ec:8c:a2:26:d2:98,Ariel_University,11,-52,f0:b0:52:3e:cc:7c,Ariel_University,44,-55,f0:b0:52:be:cc:77,,44,-58,f0:b0:52:3e:cc:78,Ariel_University,6,-67,
01/01/1970 02:00,yishay,35.21662426,32.11345607,0.0,10,f0:b0:52:3e:c8:18,Ariel_University,11,-38,f0:b0:52:3e:c8:18,Ariel_University,11,-40,f0:b0:52:3e:c8:18,Ariel_University,11,-40,f0:b0:52:3e:c8:18,Ariel_University,11,-40,f0:b0:52:3e:c8:18,Ariel_University,11,-41,f0:b0:52:3e:c8:18,Ariel_University,11,-41,f0:b0:52:3e:c8:18,Ariel_University,11,-41,f0:b0:52:3e:c8:18,Ariel_University,11,-41,f0:b0:52:3e:c8:18,Ariel_University,11,-41,f0:b0:52:3e:c8:18,Ariel_University,11,-41,
09/11/2017 13:32,yishay,35.2064427,32.10513911,709.3131409,10,ec:8c:a2:26:d2:98,Ariel_University,11,-52,f0:b0:52:3e:d6:f8,Ariel_University,6,-58,f0:b0:52:3e:c8:0c,Ariel_University,44,-60,f0:b0:52:3e:c8:08,Ariel_University,1,-61,f0:b0:52:be:c8:07,,44,-61,f0:b0:52:3e:cc:7c,Ariel_University,44,-61,f0:b0:52:3e:d6:f8,Ariel_University,6,-64,ec:8c:a2:26:d2:98,Ariel_University,11,-64,f0:b0:52:3e:cc:78,Ariel_University,6,-67,f0:b0:52:3e:c8:08,Ariel_University,1,-67,
09/11/2017 13:33,yishay,35.20655878,32.10508201,703.6081565,8,f0:b0:52:be:cc:77,,44,-63,f0:b0:52:be:d6:f7,,44,-67,f0:b0:52:be:c8:17,,48,-73,f0:b0:52:be:c8:27,,44,-86,f0:b0:52:3e:c7:88,Ariel_University,1,-88,24:c9:a1:36:50:98,Ariel_University,1,-88,f0:b0:52:be:d0:37,,36,-89,f0:b0:52:3e:61:cc,Ariel_University,40,-89,
09/11/2017 13:34,yishay,35.20659777,32.10509253,698.4823665,2,f0:b0:52:3e:c8:28,Ariel_University,11,-79,f0:b0:52:3e:d0:38,Ariel_University,11,-88,
09/11/2017 13:35,yishay,35.20659777,32.10509253,696.3434042,1,f0:b0:52:be:c8:27,,44,-81,
09/11/2017 13:36,yishay,35.20658621,32.10510245,692.3628601,10,f0:b0:52:be:c8:17,,48,-46,f0:b0:52:3e:c8:18,Ariel_University,11,-46,f0:b0:52:3e:c8:1c,Ariel_University,48,-46,f0:b0:52:3e:c8:08,Ariel_University,1,-49,f0:b0:52:be:c8:17,,48,-52,f0:b0:52:3e:c8:0c,Ariel_University,44,-52,f0:b0:52:3e:c8:18,Ariel_University,11,-52,f0:b0:52:3e:cc:7c,Ariel_University,44,-53,f0:b0:52:be:cc:77,,44,-56,f0:b0:52:3e:d6:fc,Ariel_University,44,-56,
09/11/2017 14:19,yishay,35.20691052,32.10499012,665.8225657,3,f0:b0:52:3e:c8:18,Ariel_University,11,-40,f0:b0:52:3e:d3:78,Ariel_University,1,-73,90:b6:86:22:5f:59,Galaxy S5 1644,6,-82,
01/01/1970 02:00,yishay,34.92370782,32.2263597,0.0,10,f0:b0:52:3e:c8:18,Ariel_University,11,-40,f0:b0:52:3e:c8:1c,Ariel_University,48,-40,f0:b0:52:3e:c8:18,Ariel_University,11,-40,f0:b0:52:3e:c8:1c,Ariel_University,48,-43,f0:b0:52:3e:c8:18,Ariel_University,11,-43,f0:b0:52:3e:c8:1c,Ariel_University,48,-45,f0:b0:52:3e:c8:18,Ariel_University,11,-46,f0:b0:52:3e:c8:18,Ariel_University,11,-46,f0:b0:52:3e:c8:18,Ariel_University,11,-46,f0:b0:52:3e:c8:1c,Ariel_University,48,-46,
09/11/2017 14:19,yishay,35.20691052,32.10499012,665.8225657,10,f0:b0:52:3e:c8:1c,Ariel_University,48,-38,f0:b0:52:3e:c8:18,Ariel_University,11,-40,f0:b0:52:be:c8:17,,48,-45,f0:b0:52:3e:c8:1c,Ariel_University,48,-45,f0:b0:52:3e:c8:08,Ariel_University,1,-55,f0:b0:52:3e:c8:0c,Ariel_University,44,-60,f0:b0:52:3e:ce:38,Ariel_University,1,-61,f0:b0:52:3e:c8:08,Ariel_University,1,-64,f0:b0:52:3e:c8:0c,Ariel_University,44,-65,f0:b0:52:3e:d3:78,Ariel_University,1,-67,
01/01/1970 02:00,yishay,35.19639402,32.11559631,0.0,10,f0:b0:52:3e:c8:18,Ariel_University,11,-35,f0:b0:52:3e:c8:18,Ariel_University,11,-38,f0:b0:52:3e:c8:1c,Ariel_University,48,-39,f0:b0:52:3e:c8:18,Ariel_University,11,-40,f0:b0:52:3e:c8:18,Ariel_University,11,-40,f0:b0:52:3e:c8:1c,Ariel_University,48,-40,f0:b0:52:3e:c8:1c,Ariel_University,48,-40,f0:b0:52:3e:c8:18,Ariel_University,11,-40,f0:b0:52:3e:c8:18,Ariel_University,11,-40,f0:b0:52:3e:c8:18,Ariel_University,11,-40,
09/11/2017 14:20,yishay,35.20735262,32.10433148,660.2073574,10,f0:b0:52:3e:c8:18,Ariel_University,11,-40,f0:b0:52:3e:c8:1c,Ariel_University,48,-42,f0:b0:52:3e:c8:08,Ariel_University,1,-61,f0:b0:52:3e:c8:0c,Ariel_University,44,-70,f0:b0:52:3e:d3:78,Ariel_University,1,-76,f0:b0:52:3e:ce:38,Ariel_University,1,-79,f0:b0:52:3e:d3:7c,Ariel_University,36,-83,f0:b0:52:3e:ce:3c,Ariel_University,36,-87,f0:b0:52:be:d6:f7,,44,-88,00:1a:2f:7f:6b:70,,13,-88,
09/11/2017 15:00,yishay,35.20677896,32.1048118,673.6969624,2,f0:b0:52:3e:d6:f8,Ariel_University,6,-76,ec:8c:a2:26:d2:98,Ariel_University,11,-88,
01/01/1970 02:00,yishay,35.04221786,32.36004089,0.0,10,f0:b0:52:3e:c8:18,Ariel_University,11,-37,f0:b0:52:3e:c8:18,Ariel_University,11,-37,f0:b0:52:3e:c8:18,Ariel_University,11,-37,f0:b0:52:3e:c8:18,Ariel_University,11,-37,f0:b0:52:3e:c8:18,Ariel_University,11,-40,f0:b0:52:3e:c8:18,Ariel_University,11,-40,f0:b0:52:3e:c8:18,Ariel_University,11,-40,f0:b0:52:3e:c8:18,Ariel_University,11,-40,f0:b0:52:3e:c8:18,Ariel_University,11,-40,f0:b0:52:3e:c8:18,Ariel_University,11,-40,
09/11/2017 15:01,yishay,35.20677876,32.10481294,673.6669261,10,f0:b0:52:3e:c8:18,Ariel_University,11,-37,f0:b0:52:3e:c8:08,Ariel_University,1,-52,f0:b0:52:be:c8:17,,48,-53,f0:b0:52:3e:c8:1c,Ariel_University,48,-53,f0:b0:52:3e:c8:08,Ariel_University,1,-58,f0:b0:52:3e:ce:38,Ariel_University,1,-64,f0:b0:52:be:c8:07,,44,-68,f0:b0:52:3e:c8:0c,Ariel_University,44,-69,f0:b0:52:3e:d6:f8,Ariel_University,6,-76,f0:b0:52:3e:ce:38,Ariel_University,1,-76,
09/11/2017 15:02,yishay,35.20679546,32.10490298,673.1507623,2,f0:b0:52:3e:d6:f8,Ariel_University,6,-67,ec:8c:a2:26:d2:c8,Ariel_University,11,-88,
09/11/2017 15:03,yishay,35.20679546,32.10490298,673.0854198,2,00:1a:2f:7f:6b:70,,13,-82,f0:b0:52:3e:c7:b8,Ariel_University,1,-88,
09/11/2017 15:04,yishay,35.20696905,32.10556521,671.9311772,10,f0:b0:52:3e:c8:18,Ariel_University,11,-40,f0:b0:52:be:c8:17,,48,-52,f0:b0:52:3e:c8:1c,Ariel_University,48,-52,f0:b0:52:3e:c8:08,Ariel_University,1,-58,f0:b0:52:3e:c8:0c,Ariel_University,44,-66,f0:b0:52:3e:c8:08,Ariel_University,1,-67,f0:b0:52:be:c8:07,,44,-67,f0:b0:52:3e:ce:38,Ariel_University,1,-76,f0:b0:52:3e:d6:f8,Ariel_University,6,-79,f0:b0:52:3e:d3:78,Ariel_University,1,-85,
09/11/2017 15:05,yishay,35.20671776,32.10558687,671.1633694,3,f0:b0:52:3e:d6:f8,Ariel_University,6,-73,f0:b0:52:3e:cc:78,Ariel_University,6,-88,24:c9:a1:36:52:d8,Ariel_University,6,-88,
01/01/1970 02:00,yishay,35.2068251,32.10438914,0.0,10,f0:b0:52:3e:c8:18,Ariel_University,11,-37,f0:b0:52:3e:c8:18,Ariel_University,11,-37,f0:b0:52:3e:c8:1c,Ariel_University,48,-54,f0:b0:52:3e:c8:1c,Ariel_University,48,-54,f0:b0:52:3e:c8:08,Ariel_University,1,-67,f0:b0:52:3e:c8:08,Ariel_University,1,-67,f0:b0:52:3e:c8:0c,Ariel_University,44,-68,f0:b0:52:3e:c8:0c,Ariel_University,44,-68,f0:b0:52:3e:d6:f8,Ariel_University,6,-73,f0:b0:52:3e:ce:38,Ariel_University,1,-76,
09/11/2017 15:05,yishay,35.2067763,32.10525603,682.9836829,10,f0:b0:52:3e:c8:18,Ariel_University,11,-40,f0:b0:52:3e:c8:1c,Ariel_University,48,-55,f0:b0:52:3e:c8:08,Ariel_University,1,-61,f0:b0:52:3e:c8:0c,Ariel_University,44,-67,f0:b0:52:3e:d6:f8,Ariel_University,6,-79,f0:b0:52:3e:d3:78,Ariel_University,1,-82,f0:b0:52:3e:ce:38,Ariel_University,1,-82,ec:8c:a2:26:d2:98,Ariel_University,11,-85,f0:b0:52:3e:d3:7c,Ariel_University,36,-88,f0:b0:52:3e:d6:fc,Ariel_University,44,-89,
01/01/1970 02:00,yishay,35.20683289,32.10419527,0.0,10,f0:b0:52:3e:c8:18,Ariel_University,11,-40,f0:b0:52:3e:c8:18,Ariel_University,11,-40,f0:b0:52:3e:c8:1c,Ariel_University,48,-52,f0:b0:52:3e:c8:1c,Ariel_University,48,-53,f0:b0:52:be:c8:17,,48,-54,f0:b0:52:3e:c8:0c,Ariel_University,44,-67,f0:b0:52:3e:c8:08,Ariel_University,1,-67,f0:b0:52:be:c8:07,,44,-67,f0:b0:52:3e:c8:08,Ariel_University,1,-67,f0:b0:52:3e:c8:0c,Ariel_University,44,-68,
09/11/2017 15:05,yishay,35.20677675,32.10525684,658.993483,10,f0:b0:52:3e:c8:18,Ariel_University,11,-40,f0:b0:52:be:c8:17,,48,-53,f0:b0:52:3e:c8:1c,Ariel_University,48,-55,f0:b0:52:3e:c8:08,Ariel_University,1,-61,f0:b0:52:3e:c8:0c,Ariel_University,44,-67,f0:b0:52:be:c8:07,,44,-68,f0:b0:52:3e:ce:38,Ariel_University,1,-73,f0:b0:52:3e:c8:0c,Ariel_University,44,-76,f0:b0:52:3e:ce:38,Ariel_University,1,-79,f0:b0:52:3e:d6:f8,Ariel_University,6,-79,
09/11/2017 15:06,yishay,35.20677675,32.10525684,640.3520474,7,f0:b0:52:3e:c8:1c,Ariel_University,48,-50,f0:b0:52:3e:d3:78,Ariel_University,1,-73,ec:8c:a2:26:d2:98,Ariel_University,11,-79,10:be:f5:3a:25:16,ariel_cyber,7,-82,b0:e2:35:d0:bb:a0,gili,6,-88,f0:b0:52:3e:ca:d8,Ariel_University,1,-88,f0:b0:52:3e:c8:d8,Ariel_University,11,-88,
09/11/2017 15:07,yishay,35.20677675,32.10525684,640.8848224,5,f0:b0:52:3e:c8:18,Ariel_University,11,-35,f0:b0:52:3e:d6:f8,Ariel_University,6,-73,f0:b0:52:3e:ce:3c,Ariel_University,36,-80,24:c9:a1:36:52:d8,Ariel_University,6,-82,f0:b0:52:3e:d9:bc,Ariel_University,36,-89,
09/11/2017 15:08,yishay,35.20677675,32.10525684,642.7150998,10,f0:b0:52:3e:cc:7c,Ariel_University,44,-36,f0:b0:52:3e:cc:78,Ariel_University,6,-43,1c:b9:c4:16:05:dc,Smart-Class,52,-45,f0:b0:52:3e:c8:28,Ariel_University,11,-46,f0:b0:52:3e:d6:f8,Ariel_University,6,-46,f0:b0:52:3e:c8:2c,Ariel_University,44,-48,f0:b0:52:3e:d6:fc,Ariel_University,44,-48,f0:b0:52:3e:d0:08,Ariel_University,6,-52,f0:b0:52:3e:c8:28,Ariel_University,11,-52,f0:b0:52:3e:d0:0c,Ariel_University,44,-54,
01/01/1970 02:00,yishay,35.20635125,32.10853095,0.0,10,f0:b0:52:3e:d6:f8,Ariel_University,6,-35,f0:b0:52:3e:cc:78,Ariel_University,6,-38,f0:b0:52:3e:cc:7c,Ariel_University,44,-40,f0:b0:52:3e:cc:78,Ariel_University,6,-41,f0:b0:52:3e:cc:78,Ariel_University,6,-41,f0:b0:52:3e:cc:7c,Ariel_University,44,-42,1c:b9:c4:16:05:dc,Smart-Class,52,-42,f0:b0:52:3e:d0:08,Ariel_University,6,-43,f0:b0:52:be:cc:77,,44,-44,f0:b0:52:be:cc:77,,44,-44,
09/11/2017 15:12,yishay,35.20689772,32.10490626,671.3679415,10,f0:b0:52:3e:c8:1c,Ariel_University,48,-40,f0:b0:52:3e:d6:f8,Ariel_University,6,-58,f0:b0:52:be:c8:07,,44,-62,f0:b0:52:3e:c8:0c,Ariel_University,44,-62,10:be:f5:3a:25:16,ariel_cyber,7,-67,f0:b0:52:3e:cc:78,Ariel_University,6,-73,f0:b0:52:3e:d6:fc,Ariel_University,44,-77,f0:b0:52:3e:61:cc,Ariel_University,40,-80,f0:b0:52:3e:cc:7c,Ariel_University,44,-80,f0:b0:52:3e:d3:7c,Ariel_University,36,-82,
09/11/2017 15:13,yishay,35.20644533,32.10490473,744.6203604,10,ec:8c:a2:26:d2:98,Ariel_University,11,-40,f0:b0:52:be:cc:77,,44,-60,f0:b0:52:3e:cc:7c,Ariel_University,44,-60,f0:b0:52:3e:cc:78,Ariel_University,6,-64,f0:b0:52:be:d6:f7,,44,-66,f0:b0:52:3e:d6:fc,Ariel_University,44,-66,1c:b9:c4:16:05:dc,Smart-Class,52,-66,f0:b0:52:3e:d0:0c,Ariel_University,44,-67,f0:b0:52:3e:c8:2c,Ariel_University,44,-71,f0:b0:52:3e:d0:3c,Ariel_University,36,-81,
01/01/1970 02:00,yishay,35.21100238,32.10974618,0.0,10,f0:b0:52:3e:c8:1c,Ariel_University,48,-35,f0:b0:52:3e:c8:1c,Ariel_University,48,-36,f0:b0:52:3e:c8:1c,Ariel_University,48,-36,f0:b0:52:3e:c8:1c,Ariel_University,48,-36,f0:b0:52:3e:c8:1c,Ariel_University,48,-36,f0:b0:52:be:c8:17,,48,-37,f0:b0:52:be:c8:17,,48,-37,f0:b0:52:be:c8:17,,48,-37,f0:b0:52:3e:c8:18,Ariel_University,11,-37,f0:b0:52:3e:c8:18,Ariel_University,11,-37,
09/11/2017 15:13,yishay,35.20655854,32.10494886,744.5554634,10,f0:b0:52:3e:cc:7c,Ariel_University,44,-52,ec:8c:a2:26:d2:98,Ariel_University,11,-55,f0:b0:52:3e:d6:f8,Ariel_University,6,-58,f0:b0:52:3e:cc:78,Ariel_University,6,-58,f0:b0:52:3e:d6:fc,Ariel_University,44,-61,f0:b0:52:3e:d6:f8,Ariel_University,6,-64,f0:b0:52:be:d6:f7,,44,-66,f0:b0:52:3e:d0:08,Ariel_University,6,-67,f0:b0:52:3e:c8:0c,Ariel_University,44,-67,f0:b0:52:3e:cc:78,Ariel_University,6,-67,
09/11/2017 15:14,yishay,35.20655663,32.10495186,743.9202212,10,f0:b0:52:3e:cc:78,Ariel_University,6,-49,f0:b0:52:be:cc:77,,44,-53,f0:b0:52:3e:c8:08,Ariel_University,1,-64,f0:b0:52:be:c8:07,,44,-69,f0:b0:52:3e:c8:18,Ariel_University,11,-73,f0:b0:52:3e:c8:28,Ariel_University,11,-76,f0:b0:52:be:d0:07,,44,-80,f0:b0:52:3e:ce:3c,Ariel_University,36,-81,24:c9:a1:36:50:98,Ariel_University,1,-88,24:c9:a1:35:a6:98,Ariel_University,6,-88,
09/11/2017 15:15,yishay,35.2066385,32.10495951,717.4533587,1,f0:b0:52:be:c8:07,,44,-63,
09/11/2017 15:16,yishay,35.206681,32.10495387,712.6385242,2,f0:b0:52:be:d6:f7,,44,-60,f0:b0:52:3e:ce:38,Ariel_University,1,-76,
09/11/2017 15:19,yishay,35.20668903,32.10503583,695.714272,10,f0:b0:52:3e:c8:18,Ariel_University,11,-40,f0:b0:52:3e:c8:1c,Ariel_University,48,-41,f0:b0:52:be:c8:17,,48,-46,f0:b0:52:3e:c8:1c,Ariel_University,48,-47,f0:b0:52:3e:c8:18,Ariel_University,11,-49,f0:b0:52:3e:c8:0c,Ariel_University,44,-49,f0:b0:52:3e:d6:f8,Ariel_University,6,-49,f0:b0:52:3e:c8:0c,Ariel_University,44,-57,f0:b0:52:3e:c8:08,Ariel_University,1,-58,f0:b0:52:be:c8:17,,48,-66,
09/11/2017 15:20,yishay,35.20666455,32.10513086,692.7638225,2,f0:b0:52:3e:ce:38,Ariel_University,1,-70,f0:b0:52:3e:ca:dc,Ariel_University,36,-88,
09/11/2017 16:02,yishay,35.20668349,32.10524082,670.3577587,4,f0:b0:52:3e:c8:18,Ariel_University,11,-35,f0:b0:52:be:c8:17,,48,-37,24:c9:a1:36:52:d8,Ariel_University,6,-76,f0:b0:52:3e:c8:d8,Ariel_University,11,-88,
01/01/1970 02:00,yishay,35.20487486,32.09473956,0.0,2,24:c9:a1:36:2a:68,Ariel_University,11,-88,e0:10:7f:1a:99:f8,Ariel_University,11,-88,
09/11/2017 16:02,yishay,35.20668349,32.10524082,670.3577587,1,f0:b0:52:3e:c8:18,Ariel_University,11,-29,
09/11/2017 16:23,yishay,35.20739074,32.10568206,669.6450348,10,f0:b0:52:3e:c8:1c,Ariel_University,48,-49,f0:b0:52:3e:c8:08,Ariel_University,1,-68,f0:b0:52:3e:c8:0c,Ariel_University,44,-71,f0:b0:52:be:c8:07,,44,-72,f0:b0:52:3e:d6:f8,Ariel_University,6,-80,f0:b0:52:3e:ce:38,Ariel_University,1,-80,8e:be:be:07:c6:50,sagi geffen,6,-83,f0:b0:52:3e:d3:78,Ariel_University,1,-86,f0:b0:52:be:ce:37,,36,-87,f0:b0:52:3e:d6:fc,Ariel_University,44,-88,
01/01/1970 02:00,yishay,35.19686099,32.0976897,0.0,10,f0:b0:52:3e:c8:18,Ariel_University,11,-36,f0:b0:52:3e:c8:18,Ariel_University,11,-38,f0:b0:52:3e:c8:18,Ariel_University,11,-38,f0:b0:52:3e:c8:18,Ariel_University,11,-42,f0:b0:52:3e:c8:1c,Ariel_University,48,-48,f0:b0:52:3e:c8:1c,Ariel_University,48,-49,f0:b0:52:be:c8:17,,48,-50,f0:b0:52:3e:c8:1c,Ariel_University,48,-50,f0:b0:52:be:c8:17,,48,-50,f0:b0:52:3e:c8:1c,Ariel_University,48,-50,
09/11/2017 16:23,yishay,35.20739074,32.10568206,669.6450348,10,f0:b0:52:3e:c8:18,Ariel_University,11,-38,f0:b0:52:be:c8:17,,48,-49,f0:b0:52:3e:c8:1c,Ariel_University,48,-49,f0:b0:52:3e:c8:08,Ariel_University,1,-59,f0:b0:52:3e:c8:08,Ariel_University,1,-68,f0:b0:52:3e:c8:0c,Ariel_University,44,-71,f0:b0:52:be:c8:07,,44,-72,f0:b0:52:3e:ce:38,Ariel_University,1,-74,f0:b0:52:3e:d6:f8,Ariel_University,6,-77,f0:b0:52:3e:ce:38,Ariel_University,1,-80,
09/11/2017 16:24,yishay,35.20687585,32.10535969,669.5146676,3,f0:b0:52:3e:d3:78,Ariel_University,1,-80,24:c9:a1:36:52:d8,Ariel_University,6,-80,8c:0c:90:2d:7a:58,Ariel_University,6,-83,
01/01/1970 02:00,yishay,35.20064662,32.09361039,0.0,10,f0:b0:52:3e:c8:18,Ariel_University,11,-36,f0:b0:52:3e:c8:18,Ariel_University,11,-36,f0:b0:52:3e:c8:18,Ariel_University,11,-36,f0:b0:52:3e:c8:18,Ariel_University,11,-36,f0:b0:52:3e:c8:18,Ariel_University,11,-36,f0:b0:52:3e:c8:18,Ariel_University,11,-36,f0:b0:52:3e:c8:18,Ariel_University,11,-36,f0:b0:52:3e:c8:18,Ariel_University,11,-38,f0:b0:52:3e:c8:18,Ariel_University,11,-39,f0:b0:52:3e:c8:18,Ariel_University,11,-41,
09/11/2017 16:25,yishay,35.20678889,32.10514367,658.7380222,10,f0:b0:52:3e:c8:18,Ariel_University,11,-38,f0:b0:52:3e:c8:1c,Ariel_University,48,-48,f0:b0:52:be:c8:17,,48,-49,f0:b0:52:3e:c8:08,Ariel_University,1,-65,f0:b0:52:3e:ce:38,Ariel_University,1,-71,f0:b0:52:3e:c8:08,Ariel_University,1,-71,f0:b0:52:3e:c8:0c,Ariel_University,44,-72,e0:10:7f:1e:55:48,Ariel_University,1,-80,f0:b0:52:3e:d6:f8,Ariel_University,6,-80,f0:b0:52:3e:ce:38,Ariel_University,1,-80,
09/11/2017 16:26,yishay,35.20581894,32.10438806,650.8683555,4,f0:b0:52:be:c8:07,,44,-72,ec:8c:a2:26:d2:c8,Ariel_University,11,-86,ec:8c:a2:26:d2:98,Ariel_University,11,-89,f0:b0:52:3e:cc:7c,Ariel_University,44,-90,
01/01/1970 02:00,yishay,35.21046978,32.10847346,0.0,10,f0:b0:52:3e:c8:18,Ariel_University,11,-36,f0:b0:52:3e:c8:18,Ariel_University,11,-36,f0:b0:52:3e:c8:18,Ariel_University,11,-36,f0:b0:52:3e:c8:18,Ariel_University,11,-36,f0:b0:52:3e:c8:1c,Ariel_University,48,-48,f0:b0:52:3e:c8:1c,Ariel_University,48,-48,f0:b0:52:be:c8:17,,48,-49,f0:b0:52:be:c8:17,,48,-49,f0:b0:52:be:c8:17,,48,-49,f0:b0:52:be:c8:17,,48,-49,
09/11/2017 16:26,yishay,35.20581894,32.10438806,650.8683555,10,f0:b0:52:3e:c8:18,Ariel_University,11,-36,f0:b0:52:be:c8:17,,48,-48,f0:b0:52:3e:c8:1c,Ariel_University,48,-48,f0:b0:52:3e:ce:38,Ariel_University,1,-71,f0:b0:52:3e:c8:08,Ariel_University,1,-71,f0:b0:52:3e:c8:0c,Ariel_University,44,-72,f0:b0:52:3e:d3:78,Ariel_University,1,-77,f0:b0:52:3e:ce:38,Ariel_University,1,-77,f0:b0:52:3e:d6:f8,Ariel_University,6,-83,00:1a:2f:7f:6b:70,,13,-86,
09/11/2017 16:31,yishay,35.20717734,32.10514117,673.1562452,10,f0:b0:52:3e:c8:18,Ariel_University,11,-41,f0:b0:52:be:c8:17,,48,-48,f0:b0:52:3e:c8:1c,Ariel_University,48,-48,f0:b0:52:3e:c8:08,Ariel_University,1,-68,f0:b0:52:be:c8:07,,44,-71,f0:b0:52:3e:c8:0c,Ariel_University,44,-72,f0:b0:52:3e:ce:38,Ariel_University,1,-80,f0:b0:52:3e:d3:7c,Ariel_University,36,-84,f0:b0:52:be:d3:77,,36,-85,f0:b0:52:be:d6:f7,,44,-86,
01/01/1970 02:00,yishay,35.1671796,32.10433689,0.0,10,f0:b0:52:3e:c8:18,Ariel_University,11,-41,f0:b0:52:3e:c8:18,Ariel_University,11,-41,f0:b0:52:3e:c8:18,Ariel_University,11,-41,f0:b0:52:3e:c8:18,Ariel_University,11,-41,f0:b0:52:3e:c8:18,Ariel_University,11,-44,f0:b0:52:3e:c8:1c,Ariel_University,48,-46,f0:b0:52:3e:c8:1c,Ariel_University,48,-46,f0:b0:52:3e:c8:18,Ariel_University,11,-47,f0:b0:52:3e:c8:18,Ariel_University,11,-47,f0:b0:52:3e:c8:18,Ariel_University,11,-47,
09/11/2017 16:31,yishay,35.20717605,32.1051418,667.0089698,10,f0:b0:52:3e:c8:18,Ariel_University,11,-38,f0:b0:52:3e:c8:18,Ariel_University,11,-44,f0:b0:52:be:c8:17,,48,-48,f0:b0:52:3e:c8:1c,Ariel_University,48,-49,f0:b0:52:3e:c8:08,Ariel_University,1,-65,f0:b0:52:be:c8:07,,44,-68,f0:b0:52:3e:c8:0c,Ariel_University,44,-70,f0:b0:52:3e:ce:38,Ariel_University,1,-74,f0:b0:52:3e:d6:f8,Ariel_University,6,-80,f0:b0:52:3e:d3:78,Ariel_University,1,-83,
09/11/2017 16:32,yishay,35.20696853,32.10537639,668.4045911,1,ec:8c:a2:26:d2:98,Ariel_University,11,-89,
01/01/1970 02:00,yishay,35.20585394,32.1044761,0.0,10,f0:b0:52:3e:c8:18,Ariel_University,11,-36,f0:b0:52:3e:c8:18,Ariel_University,11,-36,f0:b0:52:3e:c8:18,Ariel_University,11,-41,f0:b0:52:3e:c8:18,Ariel_University,11,-42,f0:b0:52:3e:c8:1c,Ariel_University,48,-49,f0:b0:52:3e:c8:1c,Ariel_University,48,-50,f0:b0:52:3e:c8:1c,Ariel_University,48,-51,f0:b0:52:3e:c8:1c,Ariel_University,48,-51,f0:b0:52:3e:c8:0c,Ariel_University,44,-67,f0:b0:52:3e:c8:0c,Ariel_University,44,-69,
09/11/2017 16:32,yishay,35.20696794,32.10537462,668.3821632,10,f0:b0:52:3e:c8:18,Ariel_University,11,-38,f0:b0:52:3e:c8:1c,Ariel_University,48,-46,f0:b0:52:3e:c8:1c,Ariel_University,48,-56,f0:b0:52:3e:c8:08,Ariel_University,1,-62,f0:b0:52:3e:c8:0c,Ariel_University,44,-69,f0:b0:52:3e:c8:08,Ariel_University,1,-71,f0:b0:52:3e:ce:38,Ariel_University,1,-77,f0:b0:52:3e:d3:78,Ariel_University,1,-80,f0:b0:52:3e:ce:38,Ariel_University,1,-83,10:be:f5:3a:25:16,ariel_cyber,7,-83,
09/11/2017 16:35,yishay,35.20646369,32.10549227,670.2040399,3,f0:b0:52:3e:d3:7c,Ariel_University,36,-83,f0:b0:52:3e:cc:78,Ariel_University,6,-89,f0:b0:52:3e:c8:d8,Ariel_University,11,-89,
01/01/1970 02:00,yishay,35.2152364,32.10004905,0.0,10,f0:b0:52:3e:c8:18,Ariel_University,11,-38,f0:b0:52:3e:c8:18,Ariel_University,11,-38,f0:b0:52:3e:c8:18,Ariel_University,11,-38,f0:b0:52:3e:c8:18,Ariel_University,11,-38,f0:b0:52:3e:c8:18,Ariel_University,11,-38,f0:b0:52:3e:c8:18,Ariel_University,11,-39,f0:b0:52:3e:c8:18,Ariel_University,11,-39,f0:b0:52:3e:c8:18,Ariel_University,11,-41,f0:b0:52:3e:c8:18,Ariel_University,11,-41,f0:b0:52:3e:c8:18,Ariel_University,11,-41,
09/11/2017 16:35,yishay,35.20646369,32.10549227,670.2040399,10,f0:b0:52:3e:c8:18,Ariel_University,11,-38,f0:b0:52:be:c8:17,,48,-48,f0:b0:52:3e:c8:1c,Ariel_University,48,-50,f0:b0:52:3e:c8:08,Ariel_University,1,-68,f0:b0:52:3e:c8:0c,Ariel_University,44,-69,f0:b0:52:be:c8:07,,44,-70,f0:b0:52:3e:c8:08,Ariel_University,1,-74,f0:b0:52:3e:d6:f8,Ariel_University,6,-80,f0:b0:52:3e:ce:38,Ariel_University,1,-80,f0:b0:52:3e:d6:fc,Ariel_University,44,-85,
09/11/2017 16:37,yishay,35.20698556,32.10525049,619.3386756,1,24:c9:a1:36:52:d8,Ariel_University,6,-83,
01/01/1970 02:00,yishay,35.2025534,32.10504767,0.0,10,f0:b0:52:3e:c8:18,Ariel_University,11,-38,f0:b0:52:3e:c8:18,Ariel_University,11,-38,f0:b0:52:3e:c8:18,Ariel_University,11,-38,f0:b0:52:3e:c8:18,Ariel_University,11,-38,f0:b0:52:3e:c8:18,Ariel_University,11,-38,f0:b0:52:3e:c8:18,Ariel_University,11,-38,f0:b0:52:3e:c8:18,Ariel_University,11,-38,f0:b0:52:3e:c8:18,Ariel_University,11,-39,f0:b0:52:3e:c8:18,Ariel_University,11,-39,f0:b0:52:3e:c8:18,Ariel_University,11,-39,
09/11/2017 16:37,yishay,35.20698556,32.10525049,619.3386756,10,f0:b0:52:3e:c8:18,Ariel_University,11,-39,f0:b0:52:be:c8:17,,48,-47,f0:b0:52:3e:c8:1c,Ariel_University,48,-47,f0:b0:52:3e:c8:08,Ariel_University,1,-62,f0:b0:52:3e:c8:08,Ariel_University,1,-68,f0:b0:52:3e:c8:0c,Ariel_University,44,-68,f0:b0:52:be:c8:07,,44,-69,f0:b0:52:3e:ce:38,Ariel_University,1,-77,10:be:f5:3a:25:16,ariel_cyber,7,-83,f0:b0:52:3e:d3:78,Ariel_University,1,-83,
09/11/2017 16:39,yishay,35.20668611,32.10527892,650.556096,2,ec:8c:a2:26:d2:98,Ariel_University,11,-83,f0:b0:52:be:d6:f7,,44,-87,
01/01/1970 02:00,yishay,35.21400393,32.10386526,0.0,10,f0:b0:52:3e:c8:18,Ariel_University,11,-36,f0:b0:52:3e:c8:18,Ariel_University,11,-36,f0:b0:52:3e:c8:18,Ariel_University,11,-36,f0:b0:52:3e:c8:18,Ariel_University,11,-36,f0:b0:52:3e:c8:18,Ariel_University,11,-36,f0:b0:52:3e:c8:18,Ariel_University,11,-38,f0:b0:52:3e:c8:18,Ariel_University,11,-38,f0:b0:52:3e:c8:18,Ariel_University,11,-38,f0:b0:52:3e:c8:18,Ariel_University,11,-38,f0:b0:52:3e:c8:18,Ariel_University,11,-38,
09/11/2017 16:39,yishay,35.20668611,32.10527892,650.556096,10,f0:b0:52:3e:c8:18,Ariel_University,11,-36,f0:b0:52:3e:c8:18,Ariel_University,11,-41,f0:b0:52:be:c8:17,,48,-48,f0:b0:52:3e:c8:1c,Ariel_University,48,-49,f0:b0:52:be:c8:17,,48,-53,f0:b0:52:3e:c8:1c,Ariel_University,48,-54,f0:b0:52:3e:c8:08,Ariel_University,1,-62,f0:b0:52:3e:c8:0c,Ariel_University,44,-67,f0:b0:52:3e:c8:08,Ariel_University,1,-68,f0:b0:52:be:c8:07,,44,-69,
01/01/1970 02:00,yishay,35.20669067,32.10527876,0.0,1,f0:b0:52:3e:d6:fc,Ariel_University,44,-83,
09/11/2017 16:40,yishay,35.20669067,32.10527876,650.1064132,4,f0:b0:52:3e:c8:08,Ariel_University,1,-36,f0:b0:52:3e:d3:78,Ariel_University,1,-74,f0:b0:52:3e:d3:7c,Ariel_University,36,-83,02:02:ae:de:32:ee,RelTele,1,-89,
09/11/2017 16:42,yishay,35.20669067,32.10527876,651.2555641,1,f0:b0:52:3e:c8:d8,Ariel_University,11,-86,
09/11/2017 17:28,yishay,35.20702558,32.10489815,697.6090852,10,f0:b0:52:3e:d6:f8,Ariel_University,6,-58,ec:8c:a2:26:d2:c8,Ariel_University,11,-58,f0:b0:52:3e:c8:d8,Ariel_University,11,-58,f0:b0:52:3e:ca:d8,Ariel_University,1,-61,f0:b0:52:3e:d4:58,Ariel_University,1,-64,f0:b0:52:3e:d6:f8,Ariel_University,6,-64,f0:b0:52:3e:d0:38,Ariel_University,11,-67,f0:b0:52:3e:c7:b8,Ariel_University,1,-67,f0:b0:52:3e:d6:fc,Ariel_University,44,-69,00:25:86:cc:07:b2,KCG_54,2,-70,
09/11/2017 17:29,yishay,35.20723312,32.10528589,656.7763265,8,f0:b0:52:3e:c7:b8,Ariel_University,1,-61,b0:e2:35:d0:bb:a0,gili,6,-76,f0:b0:52:be:d6:f7,,44,-79,f0:b0:52:be:d9:b7,,36,-87,f0:b0:52:3e:d9:b8,Ariel_University,1,-88,ec:8c:a2:09:da:68,Ariel_University,6,-88,f0:b0:52:3e:cc:7c,Ariel_University,44,-88,ec:8c:a2:08:95:8c,Ariel_University,36,-89,
09/11/2017 17:30,yishay,35.20723312,32.10528589,658.3175311,1,ec:8c:a2:88:95:87,,36,-88,
09/11/2017 17:31,yishay,35.20723312,32.10528589,658.7012853,4,f0:b0:52:be:d6:f7,,44,-74,f0:b0:52:be:c8:d7,,44,-74,f0:b0:52:be:cc:17,,36,-85,f0:b0:52:be:cc:77,,44,-89,
09/11/2017 17:33,yishay,35.20721838,32.10527548,661.2732871,2,f0:b0:52:be:d1:37,,44,-89,f0:b0:52:3e:61:cc,Ariel_University,40,-90,
09/11/2017 17:34,yishay,35.20721838,32.10527548,662.6904498,4,f0:b0:52:be:c7:b7,,44,-68,f0:b0:52:3e:c7:bc,Ariel_University,44,-70,f0:b0:52:be:c7:87,,56,-88,f0:b0:52:3e:d8:ec,Ariel_University,36,-90,
09/11/2017 17:36,yishay,35.20721838,32.10527548,661.4096593,10,f0:b0:52:be:c8:d7,,44,-44,f0:b0:52:3e:c8:dc,Ariel_University,44,-44,ec:8c:a2:26:d2:c8,Ariel_University,11,-49,f0:b0:52:3e:d4:58,Ariel_University,1,-52,f0:b0:52:3e:c7:bc,Ariel_University,44,-61,f0:b0:52:3e:d6:fc,Ariel_University,44,-62,f0:b0:52:3e:c8:dc,Ariel_University,44,-62,f0:b0:52:3e:ca:dc,Ariel_University,36,-66,f0:b0:52:3e:ca:3c,Ariel_University,48,-66,f0:b0:52:3e:ca:38,Ariel_University,11,-70,
09/11/2017 17:37,yishay,35.20699736,32.10539288,663.056516,10,f0:b0:52:3e:ca:38,Ariel_University,11,-64,e0:10:7f:1e:55:48,Ariel_University,1,-67,24:c9:a1:36:2a:68,Ariel_University,11,-70,e0:10:7f:1e:55:48,Ariel_University,1,-73,24:c9:a1:36:2a:68,Ariel_University,11,-76,f0:b0:52:3e:d9:bc,Ariel_University,36,-78,ec:8c:a2:08:a4:38,Ariel_University,11,-79,24:c9:a1:36:50:98,Ariel_University,1,-79,f0:b0:52:3e:d9:b8,Ariel_University,1,-79,e0:10:7f:1e:55:48,Ariel_University,1,-80,
09/11/2017 17:38,yishay,35.20647882,32.10544586,663.7343913,10,24:c9:a1:36:2a:68,Ariel_University,11,-55,f0:b0:52:3e:d9:b8,Ariel_University,1,-67,8c:0c:90:2d:79:78,Ariel_University,1,-70,8c:0c:90:2e:0e:58,Ariel_University,11,-70,8c:0c:90:2e:0e:88,Ariel_University,6,-70,06:ae:db:52:51:55,BezeqFree,6,-70,14:ae:db:52:51:55,abadi1,6,-70,24:c9:a1:15:7c:18,Ariel_University,3,-73,e0:10:7f:1a:99:f8,Ariel_University,11,-73,8c:0c:90:2d:7a:58,Ariel_University,6,-73,
09/11/2017 17:39,yishay,35.20568546,32.10560668,662.8719156,10,8c:0c:90:2f:ce:08,Ariel_University,6,-58,2c:5d:93:3e:f5:38,Ariel_University,6,-64,e0:10:7f:1a:99:f8,Ariel_University,11,-64,24:c9:a1:15:7c:18,Ariel_University,3,-64,8c:0c:90:2e:e8:08,Ariel_University,11,-67,8c:0c:90:2f:ce:08,Ariel_University,6,-67,24:c9:a1:95:7c:13,,3,-67,8c:0c:90:af:ca:53,,3,-67,24:c9:a1:36:51:88,Ariel_University,1,-70,24:c9:a1:36:4d:c8,Ariel_University,11,-70,
09/11/2017 17:40,yishay,35.20490136,32.10553351,662.5283823,10,24:c9:a1:35:b7:e8,Ariel_University,11,-49,e0:10:7f:1a:bd:98,Ariel_University,6,-58,2c:5d:93:3e:f5:38,Ariel_University,6,-58,24:c9:a1:35:b7:e8,Ariel_University,11,-61,00:25:86:bc:b5:dc,Private-140,13,-61,8c:0c:90:2e:e8:08,Ariel_University,11,-61,8c:0c:90:2f:cc:98,Ariel_University,1,-64,24:c9:a1:35:aa:08,Ariel_University,11,-67,24:c9:a1:35:d6:38,Ariel_University,6,-67,e0:10:7f:1a:bd:98,Ariel_University,6,-67,
09/11/2017 17:41,yishay,35.20453479,32.10529676,664.5368628,10,24:c9:a1:35:d6:38,Ariel_University,6,-40,24:c9:a1:35:d6:38,Ariel_University,6,-46,8c:0c:90:2f:cc:98,Ariel_University,1,-52,8c:0c:90:2e:0f:b8,Ariel_University,11,-55,24:c9:a1:33:34:58,Ariel_University,6,-58,8c:0c:90:2d:79:88,Ariel_University,11,-61,24:c9:a1:35:d6:38,Ariel_University,6,-61,8c:0c:90:2f:c7:38,Ariel_University,11,-64,24:c9:a1:35:ae:88,Ariel_University,1,-64,8c:0c:90:2e:0f:b8,Ariel_University,11,-64,
09/11/2017 17:42,yishay,35.20425485,32.10493688,664.5780498,10,8c:0c:90:2e:f0:d8,Ariel_University,1,-64,8c:0c:90:2f:ca:48,Ariel_University,11,-64,24:c9:a1:36:56:e8,Ariel_University,6,-64,24:c9:a1:76:5c:73,island-365C70,1,-67,24:c9:a1:36:56:e8,Ariel_University,6,-73,24:c9:a1:35:a5:e8,Ariel_University,6,-76,24:c9:a1:35:d3:78,Ariel_University,1,-76,8c:0c:90:2e:f0:d8,Ariel_University,1,-76,84:16:f9:54:ee:c0,Arielrobochem,1,-79,8c:0c:90:2f:ca:48,Ariel_University,11,-79,
09/11/2017 17:43,yishay,35.20464875,32.10461686,658.1898633,10,24:c9:a1:76:5c:73,island-365C70,1,-46,24:c9:a1:35:d3:68,Ariel_University,11,-52,24:c9:a1:35:d3:68,Ariel_University,11,-58,24:c9:a1:36:55:f8,Ariel_University,11,-61,8c:0c:90:ad:75:b3,,6,-64,24:c9:a1:33:34:68,Ariel_University,11,-67,24:c9:a1:35:d3:68,Ariel_University,11,-70,8c:0c:90:2d:75:b8,Ariel_University,6,-70,24:c9:a1:35:a5:e8,Ariel_University,6,-70,8c:0c:90:2f:cc:38,Ariel_University,11,-73,
09/11/2017 17:44,yishay,35.20565353,32.10473985,656.4489201,10,8c:0c:90:2f:cc:38,Ariel_University,11,-67,24:c9:a1:35:a6:98,Ariel_University,6,-70,8c:0c:90:2f:d5:68,Ariel_University,6,-73,ec:8c:a2:08:aa:dc,Ariel_University,36,-75,f0:b0:52:3e:c8:e8,Ariel_University,1,-76,f0:b0:52:3e:c8:58,Ariel_University,6,-76,e8:cc:18:ee:77:ac,rewa123,6,-76,24:c9:a1:b5:aa:b3,,2,-79,8c:0c:90:2f:d5:68,Ariel_University,6,-79,ec:8c:a2:08:a2:4c,Ariel_University,36,-82,
09/11/2017 17:45,yishay,35.20646715,32.10463832,659.1921438,10,1c:b9:c4:16:cc:a8,Ariel_University,11,-61,1c:b9:c4:16:ed:fc,Ariel_University,36,-66,1c:b9:c4:16:ec:58,Ariel_University,11,-67,ec:8c:a2:08:a3:28,Ariel_University,11,-67,1c:b9:c4:16:cc:ac,Ariel_University,44,-69,ec:8c:a2:08:aa:dc,Ariel_University,36,-70,ec:8c:a2:88:a3:27,,36,-71,1c:b9:c4:16:ec:58,Ariel_University,11,-73,1c:b9:c4:16:ed:f8,Ariel_University,1,-73,1c:b9:c4:15:fd:68,Ariel_University,11,-73,
09/11/2017 17:46,yishay,35.20642059,32.10396023,661.1209847,10,ec:8c:a2:08:4e:f8,Ariel_University,6,-52,ec:8c:a2:08:4e:fc,Ariel_University,36,-59,ec:8c:a2:08:a3:28,Ariel_University,11,-61,ec:8c:a2:08:a3:2c,Ariel_University,36,-64,ec:8c:a2:88:a3:27,,36,-65,ec:8c:a2:08:4e:f8,Ariel_University,6,-67,ec:8c:a2:08:4e:fc,Ariel_University,36,-69,ec:8c:a2:08:a3:2c,Ariel_University,36,-69,ec:8c:a2:08:4e:f8,Ariel_University,6,-76,ec:8c:a2:08:94:5c,Ariel_University,44,-77,
09/11/2017 17:47,yishay,35.20654608,32.10335881,662.4349786,10,ec:8c:a2:08:7a:18,Ariel_University,1,-55,00:25:86:cc:00:f8,AUC_54_R,5,-58,00:25:86:cc:07:b2,KCG_54,2,-64,00:25:86:cc:00:f8,AUC_54_R,5,-67,ec:8c:a2:08:7a:18,Ariel_University,1,-67,00:25:86:cc:07:b2,KCG_54,2,-70,ec:8c:a2:26:b0:58,Ariel_University,11,-70,a0:8c:fd:0a:14:5b,DIRECT-F1-HP DeskJet 3630 series,6,-70,ec:8c:a2:08:7a:1c,Ariel_University,36,-70,ec:8c:a2:88:7a:17,,36,-71,
09/11/2017 17:48,yishay,35.20688882,32.10386897,669.2647865,10,ec:8c:a2:09:84:f8,Ariel_University,1,-73,1c:b9:c4:16:06:38,Ariel_University,6,-73,1c:b9:c4:16:18:78,Ariel_University,1,-73,1c:b9:c4:15:1f:58,Ariel_University,11,-76,ec:8c:a2:08:a3:bc,Ariel_University,48,-81,1c:b9:c4:15:1f:5c,Ariel_University,44,-82,3c:52:82:ef:d4:1e,DIRECT-1D-HP DeskJet 3630 series,6,-82,ec:8c:a2:09:84:fc,Ariel_University,36,-85,1c:b9:c4:95:1f:57,,44,-85,ec:8c:a2:08:96:4c,Ariel_University,36,-88,
09/11/2017 17:52,yishay,35.20706422,32.10264504,672.2534454,5,00:1a:dd:f5:c1:65,Afikim_Wifi,9,-79,00:1a:dd:f5:c1:64,,9,-82,00:0e:f4:c1:50:14,vladimir,11,-85,ec:8c:a2:08:99:6c,Ariel_University,36,-85,ec:8c:a2:08:99:68,Ariel_University,11,-88,
01/01/1970 02:00,yishay,35.20690679,32.10386949,0.0,9,00:1a:dd:f5:c1:65,Afikim_Wifi,9,-79,ec:8c:a2:08:a9:28,Ariel_University,11,-79,00:1a:dd:f5:c1:64,,9,-82,1c:b9:c4:96:f4:77,,36,-83,1c:b9:c4:16:f4:7c,Ariel_University,36,-84,ec:8c:a2:09:03:38,Ariel_University,1,-85,1c:b9:c4:14:33:c8,Ariel_University,11,-88,1c:b9:c4:16:d2:88,Ariel_University,11,-88,1c:b9:c4:12:90:b8,Ariel_University,11,-88,
09/11/2017 17:53,yishay,35.20706445,32.10265641,672.1039726,8,00:1a:dd:f4:f6:05,Afikim_Wifi,6,-85,6a:37:73:d7:ab:3b,Bezeq Free AA107B,1,-85,00:25:86:cc:00:f8,AUC_54_R,5,-85,ec:8c:a2:08:77:4c,Ariel_University,44,-87,00:1a:dd:f4:f6:04,,6,-88,00:27:19:e3:2d:fe,AUC_51_3,1,-88,00:25:86:cc:07:b2,KCG_54,2,-88,d8:fe:e3:03:5a:31,Moria,6,-88,
09/11/2017 17:54,yishay,35.20704109,32.10263723,672.2228436,2,d8:fe:e3:03:5a:31,Moria,6,-80,14:ae:db:46:62:2d,Nadav,6,-89,
09/11/2017 17:55,yishay,35.20704109,32.10263723,671.466124,2,d8:fe:e3:03:5a:31,Moria,6,-74,ec:8c:a2:08:77:48,Ariel_University,6,-89,
09/11/2017 17:58,yishay,35.20099682,32.10289542,660.1435545,5,d8:fe:e3:03:5a:31,Moria,6,-74,ec:8c:a2:08:77:48,Ariel_University,6,-89,00:25:86:cc:00:f8,AUC_54_R,5,-89,ec:8c:a2:08:99:6c,Ariel_University,36,-89,14:ae:db:46:62:2d,Nadav,6,-89,
09/11/2017 18:00,yishay,35.17669027,32.10278207,565.5812473,2,74:da:38:81:6a:42,Meitus1_2EX,7,-89,f0:9f:c2:e8:64:ca,GVNM1,6,-89,
09/11/2017 18:01,yishay,35.16410552,32.10307093,521.335597,4,74:da:38:81:6a:42,Meitus1_2EX,7,-89,f0:9f:c2:e8:64:ca,GVNM1,6,-89,74:da:38:81:6a:42,Meitus1_2EX,7,-89,f0:9f:c2:e8:64:ca,GVNM1,6,-89,
09/11/2017 18:02,yishay,35.16573692,32.10762585,440.6421071,4,74:da:38:81:6a:42,Meitus1_2EX,7,-89,f0:9f:c2:e8:64:ca,GVNM1,6,-89,74:da:38:81:6a:42,Meitus1_2EX,7,-89,f0:9f:c2:e8:64:ca,GVNM1,6,-89,
09/11/2017 18:03,yishay,35.14679971,32.10934291,495.255292,2,74:da:38:81:6a:42,Meitus1_2EX,7,-89,f0:9f:c2:e8:64:ca,GVNM1,6,-89,
09/11/2017 18:04,yishay,35.14147492,32.10982306,451.1052509,7,58:70:c6:02:9c:c5,YICarCam_029cc5,6,-80,58:70:c6:02:9c:c5,YICarCam_029cc5,6,-86,5c:51:81:50:fb:5f,AndroidAP,6,-89,00:1a:dd:f5:cc:04,,1,-89,58:c5:cb:cf:79:cd,AndroidAP,11,-89,74:da:38:81:6a:42,Meitus1_2EX,7,-89,f0:9f:c2:e8:64:ca,GVNM1,6,-89,
09/11/2017 18:06,yishay,35.13953001,32.1095847,433.6447834,3,00:1a:dd:f5:d4:64,PEPWAVE_733D,11,-71,70:28:8b:cc:68:1d,AndroidAP009,6,-83,34:fc:ef:a8:57:42,Cellcom G2_1424,6,-89,
09/11/2017 18:07,yishay,35.13953001,32.1095847,429.6808515,4,00:1a:dd:f5:c1:65,Afikim_Wifi,9,-59,00:1a:dd:f5:c1:64,,9,-65,a0:10:81:61:ba:80,Majdee,11,-86,58:c5:cb:bd:95:cb,AndroidAP,6,-86,
09/11/2017 18:09,yishay,35.13950117,32.10958498,427.6012215,3,f8:a9:d0:68:15:e5,Pelephone G2_4301,11,-71,84:11:9e:31:8a:38,AndroidAP,6,-86,08:97:58:33:46:92,wifi in car-1077,2,-86,
09/11/2017 18:10,yishay,35.13723571,32.10885212,433.9461788,3,f8:a9:d0:68:15:e5,Pelephone G2_4301,11,-71,84:11:9e:31:8a:38,AndroidAP,6,-86,08:97:58:33:46:92,wifi in car-1077,2,-86,
09/11/2017 18:11,yishay,35.12733218,32.1041203,408.7472111,10,f8:a9:d0:68:15:e5,Pelephone G2_4301,11,-71,f8:a9:d0:68:15:e5,Pelephone G2_4301,11,-71,00:21:27:e2:ee:fa,TP-LINK_E2EEFA,6,-79,78:d3:8d:e7:27:59,Logistics,7,-80,84:11:9e:31:8a:38,AndroidAP,6,-86,08:97:58:33:46:92,wifi in car-1077,2,-86,84:11:9e:31:8a:38,AndroidAP,6,-86,08:97:58:33:46:92,wifi in car-1077,2,-86,70:62:b8:91:82:b2,,1,-88,78:d3:8d:e7:27:59,Logistics,7,-88,
