03/12/2017 08:53,model=Lenovo PB2-690Y_device=PB2PRO,32.10487307,35.21134308,692,2,1c:b9:c4:15:42:68,Ariel_University,11,-85,1c:b9:c4:15:44:58,Ariel_University,11,-88,,,,,,,,,,,,,,,,,,,,,,,,
03/12/2017 08:53,model=Lenovo PB2-690Y_device=PB2PRO,32.1050222,35.21107852,689,2,1c:b9:c4:15:44:58,Ariel_University,11,-77,1c:b9:c4:16:2d:e8,Ariel_University,11,-88,,,,,,,,,,,,,,,,,,,,,,,,
03/12/2017 08:53,model=Lenovo PB2-690Y_device=PB2PRO,32.10503208,35.21092655,687,1,1c:b9:c4:15:25:48,Ariel_University,1,-88,,,,,,,,,,,,,,,,,,,,,,,,,,,,
03/12/2017 08:53,model=Lenovo PB2-690Y_device=PB2PRO,32.10495375,35.21060853,686,1,1c:b9:c4:16:05:38,Ariel_University,11,-90,,,,,,,,,,,,,,,,,,,,,,,,,,,,
03/12/2017 08:53,model=Lenovo PB2-690Y_device=PB2PRO,32.10490203,35.21044203,686,5,1c:b9:c4:16:05:38,Ariel_University,11,-82,1c:b9:c4:16:2d:e8,Ariel_University,11,-83,00:11:6b:11:7e:0c,yosh,1,-84,1c:b9:c4:15:44:88,Ariel_University,6,-88,1c:b9:c4:15:ed:48,Ariel_University,1,-89,,,,,,,,,,,,
03/12/2017 08:53,model=Lenovo PB2-690Y_device=PB2PRO,32.1048406,35.21025994,688,8,c2:6c:ac:a0:7b:4d,outsense,11,-80,a2:6c:ac:a0:7b:4d,Guest,11,-82,c2:6c:ac:9f:fb:1f,shapedo,1,-82,1c:b9:c4:16:2b:e8,Ariel_University,6,-83,90:6c:ac:a0:7b:4d,EVE,11,-83,1c:b9:c4:15:42:68,Ariel_University,11,-86,1c:b9:c4:15:41:78,Ariel_University,1,-90,1c:b9:c4:14:2b:c8,Ariel_University,6,-90
03/12/2017 08:53,model=Lenovo PB2-690Y_device=PB2PRO,32.10475343,35.21007474,689,7,a2:6c:ac:a0:7b:4d,Guest,11,-71,c2:6c:ac:a0:7b:4d,outsense,11,-72,1c:b9:c4:16:05:38,Ariel_University,11,-75,1c:b9:c4:15:44:58,Ariel_University,11,-79,1c:b9:c4:16:05:78,Ariel_University,6,-86,00:1a:dd:f5:df:c5,Afikim_Wifi,6,-87,74:ea:3a:ad:d1:50,TP-LINK_ADD150,4,-88,,,,
03/12/2017 08:53,model=Lenovo PB2-690Y_device=PB2PRO,32.10466627,35.20990936,687,8,c2:6c:ac:a0:7b:4d,outsense,11,-67,90:6c:ac:a0:7b:4d,EVE,11,-69,90:6c:ac:a0:60:4d,Guest,1,-69,a2:6c:ac:a0:60:4d,incentive2,1,-70,70:5a:0f:57:04:17,DIRECT-B1-HP DeskJet 3830 series,11,-74,1c:b9:c4:16:05:78,Ariel_University,6,-80,1c:b9:c4:15:25:48,Ariel_University,1,-80,1c:b9:c4:96:05:37, ,36,-83
03/12/2017 08:53,model=Lenovo PB2-690Y_device=PB2PRO,32.10457483,35.20975804,687,2,74:ea:3a:ad:d1:50,TP-LINK_ADD150,4,-69,1c:b9:c4:15:23:58,Ariel_University,6,-85,,,,,,,,,,,,,,,,,,,,,,,,
03/12/2017 08:53,model=Lenovo PB2-690Y_device=PB2PRO,32.10448173,35.20960715,687,2,24:79:2a:2c:5b:d8,Ariel_University,1,-78,90:6c:ac:9f:f1:c5,CliClap,2,-82,,,,,,,,,,,,,,,,,,,,,,,,
03/12/2017 08:53,model=Lenovo PB2-690Y_device=PB2PRO,32.10440239,35.20946023,687,3,a2:6c:ac:a0:18:29,artsim,6,-80,1c:b9:c4:16:1d:78,Ariel_University,1,-83,1c:b9:c4:16:cc:d8,Ariel_University,1,-92,,,,,,,,,,,,,,,,,,,,
03/12/2017 08:53,model=Lenovo PB2-690Y_device=PB2PRO,32.10430866,35.20932755,687,1,1c:b9:c4:16:2d:e8,Ariel_University,11,-91,,,,,,,,,,,,,,,,,,,,,,,,,,,,
03/12/2017 08:54,model=Lenovo PB2-690Y_device=PB2PRO,32.10419361,35.20917533,685,7,ec:8c:a2:26:d3:68,Ariel_University,11,-64,1c:b9:c4:15:1c:b8,Ariel_University,1,-81,1c:b9:c4:16:cc:d8,Ariel_University,1,-82,c2:6c:ac:9f:fb:1f,shapedo,1,-83,ec:8c:a2:26:b0:e8,Ariel_University,6,-86,00:02:6f:8e:64:67, ,1,-91,b2:6c:ac:9f:f1:c5,paysday,2,-92,,,,
03/12/2017 08:54,model=Lenovo PB2-690Y_device=PB2PRO,32.10406321,35.20902709,685,8,b2:6c:ac:a0:3d:eb,sinusafe,3,-75,1c:b9:c4:16:05:38,Ariel_University,11,-76,1c:b9:c4:16:cc:d8,Ariel_University,1,-76,1c:b9:c4:16:28:e8,Ariel_University,1,-76,b2:6c:ac:a0:7b:4d,magneto,11,-78,b2:6c:ac:9f:f1:c5,paysday,2,-82,1c:b9:c4:15:fd:48,Ariel_University,1,-84,8c:0c:90:2e:16:88,Ariel_University,11,-84
03/12/2017 08:54,model=Lenovo PB2-690Y_device=PB2PRO,32.10391893,35.20892354,686,1,1c:b9:c4:15:23:58,Ariel_University,6,-79,,,,,,,,,,,,,,,,,,,,,,,,,,,,
03/12/2017 08:54,model=Lenovo PB2-690Y_device=PB2PRO,32.10376365,35.20883622,686,4,ec:8c:a2:08:78:c8,Ariel_University,6,-85,e0:10:7f:1a:bd:98,Ariel_University,6,-88,1c:b9:c4:16:1d:7c,Ariel_University,44,-89,1c:b9:c4:16:d2:88,Ariel_University,11,-89,,,,,,,,,,,,,,,,
03/12/2017 08:54,model=Lenovo PB2-690Y_device=PB2PRO,32.10359721,35.20878096,686,2,1c:b9:c4:16:28:e8,Ariel_University,1,-65,ec:8c:a2:08:78:c8,Ariel_University,6,-77,,,,,,,,,,,,,,,,,,,,,,,,
03/12/2017 08:54,model=Lenovo PB2-690Y_device=PB2PRO,32.10346795,35.20875946,686,4,ec:8c:a2:08:94:18,Ariel_University,1,-69,1c:b9:c4:12:7c:c8,Ariel_University,11,-73,1c:b9:c4:16:d2:88,Ariel_University,11,-77,90:6c:ac:9f:f1:c5,CliClap,2,-87,,,,,,,,,,,,,,,,
03/12/2017 08:54,model=Lenovo PB2-690Y_device=PB2PRO,32.10333565,35.20874462,687,4,ec:8c:a2:08:94:18,Ariel_University,1,-61,1c:b9:c4:16:1d:78,Ariel_University,1,-81,1c:b9:c4:16:f4:78,Ariel_University,1,-85,34:8f:27:20:8c:18,Ariel_University,6,-86,,,,,,,,,,,,,,,,
03/12/2017 08:54,model=Lenovo PB2-690Y_device=PB2PRO,32.10318952,35.20873143,684,8,1c:b9:c4:12:90:b8,Ariel_University,11,-71,1c:b9:c4:16:f4:78,Ariel_University,1,-78,1c:b9:c4:16:28:f8,Ariel_University,6,-80,1c:b9:c4:96:d2:87, ,44,-83,8c:0c:90:2d:75:e8,Ariel_University,1,-83,ec:8c:a2:26:b0:e8,Ariel_University,6,-84,ec:8c:a2:26:d3:68,Ariel_University,11,-87,1c:b9:c4:14:2f:68,Ariel_University,6,-90
03/12/2017 08:54,model=Lenovo PB2-690Y_device=PB2PRO,32.10301827,35.20871988,685,5,1c:b9:c4:14:2f:68,Ariel_University,6,-82,1c:b9:c4:14:33:c8,Ariel_University,11,-84,8c:0c:90:2e:16:88,Ariel_University,11,-87,1c:b9:c4:16:f1:98,Ariel_University,11,-87,1c:b9:c4:16:05:38,Ariel_University,11,-88,,,,,,,,,,,,
03/12/2017 08:54,model=Lenovo PB2-690Y_device=PB2PRO,32.10282362,35.20871899,688,8,f8:d1:11:77:77:c6,HelpDesk,4,-70,1c:b9:c4:14:2f:68,Ariel_University,6,-71,1c:b9:c4:14:33:c8,Ariel_University,11,-75,8c:0c:90:ad:75:e3, ,1,-76,8c:0c:90:2d:75:e8,Ariel_University,1,-77,1c:b9:c4:16:f4:7c,Ariel_University,36,-84,ec:8c:a2:08:78:cc,Ariel_University,48,-85,1c:b9:c4:16:11:ac,Ariel_University,44,-90
03/12/2017 08:54,model=Lenovo PB2-690Y_device=PB2PRO,32.10263124,35.20876629,687,6,ec:8c:a2:26:b1:78,Ariel_University,1,-69,1c:b9:c4:16:28:f8,Ariel_University,6,-73,1c:b9:c4:16:11:a8,Ariel_University,1,-73,1c:b9:c4:16:ee:98,Ariel_University,6,-82,62:ab:1b:60:b4:cb,Bezeq Free,8,-86,a0:ab:1b:60:b4:ca,36518749,8,-87,,,,,,,,
03/12/2017 08:54,model=Lenovo PB2-690Y_device=PB2PRO,32.10244119,35.20884914,686,6,1c:b9:c4:12:7c:c8,Ariel_University,11,-73,1c:b9:c4:16:28:e8,Ariel_University,1,-77,1c:b9:c4:16:f1:98,Ariel_University,11,-79,ec:8c:a2:08:78:c8,Ariel_University,6,-86,1c:b9:c4:16:d2:88,Ariel_University,11,-86,1c:b9:c4:14:33:cc,Ariel_University,48,-86,,,,,,,,
03/12/2017 08:54,model=Lenovo PB2-690Y_device=PB2PRO,32.1022576,35.20894955,688,6,1c:b9:c4:14:2f:68,Ariel_University,6,-63,1c:b9:c4:14:2b:d8,Ariel_University,1,-69,ec:8c:a2:08:94:18,Ariel_University,1,-73,1c:b9:c4:14:2b:dc,Ariel_University,36,-74,62:ab:1b:60:b4:cb,Bezeq Free,8,-78,34:8f:27:20:8c:18,Ariel_University,6,-86,,,,,,,,
03/12/2017 08:54,model=Lenovo PB2-690Y_device=PB2PRO,32.10212198,35.20912829,688,4,1c:b9:c4:16:f1:98,Ariel_University,11,-73,1c:b9:c4:16:f4:78,Ariel_University,1,-77,c4:12:f5:f6:a0:18,lab_6.1.3,3,-80,1c:b9:c4:12:90:b8,Ariel_University,11,-82,,,,,,,,,,,,,,,,
03/12/2017 08:54,model=Lenovo PB2-690Y_device=PB2PRO,32.1020322,35.20935702,689,2,ec:8c:a2:08:94:1c,Ariel_University,44,-70,1c:b9:c4:15:1e:68,Ariel_University,1,-80,,,,,,,,,,,,,,,,,,,,,,,,
03/12/2017 08:54,model=Lenovo PB2-690Y_device=PB2PRO,32.10196459,35.20960153,690,1,1c:b9:c4:15:3a:38,Ariel_University,11,-76,,,,,,,,,,,,,,,,,,,,,,,,,,,,
03/12/2017 08:54,model=Lenovo PB2-690Y_device=PB2PRO,32.10199722,35.2098381,693,7,1c:b9:c4:16:28:f8,Ariel_University,6,-76,1c:b9:c4:14:33:c8,Ariel_University,11,-78,1c:b9:c4:16:11:a8,Ariel_University,1,-79,00:11:6b:11:02:b7,yosh,1,-81,ec:8c:a2:26:b1:78,Ariel_University,1,-85,a0:ab:1b:60:b4:ca,36518749,8,-87,f8:d1:11:77:77:c6,HelpDesk,4,-88,,,,
03/12/2017 08:54,model=Lenovo PB2-690Y_device=PB2PRO,32.10212708,35.20998301,692,4,1c:b9:c4:14:2b:dc,Ariel_University,36,-74,1c:b9:c4:14:2b:d8,Ariel_University,1,-84,1c:b9:c4:14:2f:68,Ariel_University,6,-85,62:ab:1b:60:b4:cb,Bezeq Free,8,-87,,,,,,,,,,,,,,,,
03/12/2017 08:54,model=Lenovo PB2-690Y_device=PB2PRO,32.10226153,35.21003281,694,1,00:1d:aa:81:d8:3c,KCG-ADSL,3,-84,,,,,,,,,,,,,,,,,,,,,,,,,,,,
03/12/2017 08:55,model=Lenovo PB2-690Y_device=PB2PRO,32.10290524,35.20983303,694,4,00:1d:aa:81:d8:3c,KCG-ADSL,3,-69,1c:b9:c4:12:af:78,Ariel_University,11,-79,1c:b9:c4:14:2b:88,Ariel_University,11,-86,1c:b9:c4:14:30:38,Ariel_University,1,-87,,,,,,,,,,,,,,,,
03/12/2017 08:55,model=Lenovo PB2-690Y_device=PB2PRO,32.10305306,35.20978446,693,7,40:a5:ef:7a:17:f2,2.4V1,1,-76,1c:b9:c4:15:ec:38,Ariel_University,6,-78,1c:b9:c4:16:11:a8,Ariel_University,1,-84,1c:b9:c4:16:ee:98,Ariel_University,6,-85,1c:b9:c4:15:1e:68,Ariel_University,1,-86,1c:b9:c4:16:06:bc,Ariel_University,48,-88,1c:b9:c4:15:3a:38,Ariel_University,11,-89,,,,
03/12/2017 08:55,model=Lenovo PB2-690Y_device=PB2PRO,32.10314139,35.20977295,693,1,c4:12:f5:f6:a0:18,lab_6.1.3,3,-85,,,,,,,,,,,,,,,,,,,,,,,,,,,,
03/12/2017 08:55,model=Lenovo PB2-690Y_device=PB2PRO,32.10330416,35.20979335,695,4,1c:b9:c4:16:ed:38,Ariel_University,6,-74,1c:b9:c4:16:06:b8,Ariel_University,11,-75,1c:b9:c4:16:ed:48,Ariel_University,6,-84,1c:b9:c4:12:90:b8,Ariel_University,11,-87,,,,,,,,,,,,,,,,
03/12/2017 08:55,model=Lenovo PB2-690Y_device=PB2PRO,32.10357832,35.20992695,694,2,1c:b9:c4:15:fd:48,Ariel_University,1,-79,d8:5d:4c:9e:69:22,AUC_4_2_24,1,-84,,,,,,,,,,,,,,,,,,,,,,,,
03/12/2017 08:55,model=Lenovo PB2-690Y_device=PB2PRO,32.10379261,35.21019984,694,6,1c:b9:c4:16:06:b8,Ariel_University,11,-68,1c:b9:c4:16:06:bc,Ariel_University,48,-72,24:79:2a:2c:5c:18,Ariel_University,11,-81,24:79:2a:2b:bd:88,Ariel_University,11,-83,24:79:2a:2b:07:b8,Ariel_University,11,-85,1c:b9:c4:15:1c:b8,Ariel_University,1,-89,,,,,,,,
03/12/2017 08:55,model=Lenovo PB2-690Y_device=PB2PRO,32.10392655,35.21040928,695,4,1c:b9:c4:12:af:78,Ariel_University,11,-75,1c:b9:c4:14:2b:88,Ariel_University,11,-84,1c:b9:c4:14:30:38,Ariel_University,1,-87,00:1d:aa:81:d8:3c,KCG-ADSL,3,-88,,,,,,,,,,,,,,,,
03/12/2017 08:55,model=Lenovo PB2-690Y_device=PB2PRO,32.10403138,35.21064312,697,1,24:79:2a:2c:5b:d8,Ariel_University,1,-87,,,,,,,,,,,,,,,,,,,,,,,,,,,,
03/12/2017 08:55,model=Lenovo PB2-690Y_device=PB2PRO,32.10412387,35.21091349,700,4,1c:b9:c4:16:ed:38,Ariel_University,6,-76,8c:0c:90:2f:d3:d8,Ariel_University,11,-78,1c:b9:c4:16:ed:48,Ariel_University,6,-83,1c:b9:c4:12:90:b8,Ariel_University,11,-87,,,,,,,,,,,,,,,,
03/12/2017 08:55,model=Lenovo PB2-690Y_device=PB2PRO,32.10415215,35.21101715,700,2,1c:b9:c4:15:fd:48,Ariel_University,1,-79,d8:5d:4c:9e:69:22,AUC_4_2_24,1,-84,,,,,,,,,,,,,,,,,,,,,,,,
03/12/2017 08:55,model=Lenovo PB2-690Y_device=PB2PRO,32.10418089,35.21118813,699,1,1c:b9:c4:15:41:78,Ariel_University,1,-71,,,,,,,,,,,,,,,,,,,,,,,,,,,,
03/12/2017 08:55,model=Lenovo PB2-690Y_device=PB2PRO,32.10423611,35.21138319,700,7,1c:b9:c4:16:06:bc,Ariel_University,48,-72,24:79:2a:2c:5c:18,Ariel_University,11,-81,1c:b9:c4:95:41:77, ,44,-82,1c:b9:c4:16:06:b8,Ariel_University,11,-83,24:79:2a:2b:bd:88,Ariel_University,11,-83,24:79:2a:2b:07:b8,Ariel_University,11,-85,1c:b9:c4:15:1c:b8,Ariel_University,1,-89,,,,
03/12/2017 08:55,model=Lenovo PB2-690Y_device=PB2PRO,32.10434812,35.21150642,698,3,1c:b9:c4:15:44:88,Ariel_University,6,-77,1c:b9:c4:15:ed:48,Ariel_University,1,-86,00:11:6b:11:7e:0c,yosh,1,-93,,,,,,,,,,,,,,,,,,,,
03/12/2017 08:55,model=Lenovo PB2-690Y_device=PB2PRO,32.10450422,35.21158147,698,1,1c:b9:c4:15:ed:48,Ariel_University,1,-80,,,,,,,,,,,,,,,,,,,,,,,,,,,,
03/12/2017 08:56,model=Lenovo PB2-690Y_device=PB2PRO,32.10476714,35.2115156,696,2,1c:b9:c4:56:cd:18,Ariel_University,1,-92,1c:b9:c4:16:cd:18,IT-MNG,1,-93,,,,,,,,,,,,,,,,,,,,,,,,
03/12/2017 08:56,model=Lenovo PB2-690Y_device=PB2PRO,32.10481492,35.2114539,695,2,1c:b9:c4:15:fd:e8,IT-MNG,11,-84,1c:b9:c4:14:2b:c8,Ariel_University,6,-89,,,,,,,,,,,,,,,,,,,,,,,,
03/12/2017 08:56,model=Lenovo PB2-690Y_device=PB2PRO,32.10487501,35.21137457,697,1,1c:b9:c4:15:44:58,Ariel_University,11,-88,,,,,,,,,,,,,,,,,,,,,,,,,,,,
03/12/2017 08:56,model=Lenovo PB2-690Y_device=PB2PRO,32.10488619,35.21135337,698,3,1c:b9:c4:14:2b:c8,Ariel_University,6,-81,1c:b9:c4:16:2b:e8,Ariel_University,6,-87,1c:b9:c4:16:05:78,Ariel_University,6,-91,,,,,,,,,,,,,,,,,,,,
03/12/2017 09:00,model=SM-G950F_device=dreamlte,32.10296049,35.20969913,702.14288,6,3c:52:82:ef:c4:3c,DIRECT-3B-HP DeskJet 3630 series,6,-72,1c:b9:c4:16:ed:3c,Ariel_University,44,-74,1c:b9:c4:14:30:3c,Ariel_University,44,-76,1c:b9:c4:92:af:77, ,40,-79,1c:b9:c4:94:30:37, ,44,-79,1c:b9:c4:16:f1:5c,Ariel_University,52,-83,,,,,,,,
03/12/2017 09:01,model=SM-G950F_device=dreamlte,32.10298812,35.20966518,702.040903,1,e4:95:6e:40:87:1a,OOP_course,1,-12,,,,,,,,,,,,,,,,,,,,,,,,,,,,
03/12/2017 09:02,model=SM-G950F_device=dreamlte,32.1030061,35.20964527,702.4456558,1,1c:b9:c4:12:af:7c,Ariel_University,40,-77,,,,,,,,,,,,,,,,,,,,,,,,,,,,
03/12/2017 09:02,model=SM-G950F_device=dreamlte,32.10302056,35.20966172,702.7411783,2,1c:b9:c4:15:ec:3c,Ariel_University,36,-82,1c:b9:c4:16:06:b8,Ariel_University,11,-89,,,,,,,,,,,,,,,,,,,,,,,,
03/12/2017 09:02,model=SM-G950F_device=dreamlte,32.10302067,35.20966235,702.7589738,3,1c:b9:c4:12:af:78,Ariel_University,11,-74,1c:b9:c4:96:ed:37, ,44,-82,1c:b9:c4:95:ec:37, ,36,-84,,,,,,,,,,,,,,,,,,,,
03/12/2017 09:02,model=SM-G950F_device=dreamlte,32.103021,35.20966615,702.8930705,1,1c:b9:c4:96:ed:37, ,44,-77,,,,,,,,,,,,,,,,,,,,,,,,,,,,
03/12/2017 09:02,model=SM-G950F_device=dreamlte,32.10303985,35.20968827,703.1159416,1,1c:b9:c4:95:1c:b7, ,36,-90,,,,,,,,,,,,,,,,,,,,,,,,,,,,
03/12/2017 09:03,model=SM-G950F_device=dreamlte,32.10327635,35.20968225,703.8508035,1,1c:b9:c4:16:06:b8,Ariel_University,11,-79,,,,,,,,,,,,,,,,,,,,,,,,,,,,
03/12/2017 09:03,model=SM-G950F_device=dreamlte,32.10337114,35.20971025,704.1006958,1,1c:b9:c4:94:2b:87, ,44,-88,,,,,,,,,,,,,,,,,,,,,,,,,,,,
03/12/2017 09:03,model=SM-G950F_device=dreamlte,32.10342274,35.2097119,704.2450229,2,1c:b9:c4:96:ed:47, ,36,-91,1c:b9:c4:95:ed:b7, ,48,-92,,,,,,,,,,,,,,,,,,,,,,,,
03/12/2017 09:03,model=SM-G950F_device=dreamlte,32.10340998,35.20969477,704.4103268,2,1c:b9:c4:16:e5:a8,Ariel_University,6,-81,1c:b9:c4:96:f1:57, ,52,-82,,,,,,,,,,,,,,,,,,,,,,,,
03/12/2017 09:03,model=SM-G950F_device=dreamlte,32.10332787,35.20965551,704.8397895,3,1c:b9:c4:15:1c:b8,Ariel_University,1,-75,d8:5d:4c:9e:69:22,AUC_4_2_24,1,-78,1c:b9:c4:14:2b:8c,Ariel_University,44,-82,,,,,,,,,,,,,,,,,,,,
03/12/2017 09:03,model=SM-G950F_device=dreamlte,32.10328571,35.20965871,705.0684893,1,1c:b9:c4:14:2b:88,Ariel_University,11,-80,,,,,,,,,,,,,,,,,,,,,,,,,,,,
03/12/2017 09:03,model=SM-G950F_device=dreamlte,32.10296651,35.20968182,706.910416,3,1c:b9:c4:12:af:7c,Ariel_University,40,-72,1c:b9:c4:92:af:77, ,40,-72,1c:b9:c4:15:ec:3c,Ariel_University,36,-77,,,,,,,,,,,,,,,,,,,,
03/12/2017 09:04,model=SM-G950F_device=dreamlte,32.10291541,35.20969652,707.0801301,1,1c:b9:c4:14:30:38,Ariel_University,1,-77,,,,,,,,,,,,,,,,,,,,,,,,,,,,
03/12/2017 09:04,model=SM-G950F_device=dreamlte,32.1028605,35.20970867,707.2411959,2,1c:b9:c4:16:ed:38,Ariel_University,6,-71,1c:b9:c4:14:30:38,Ariel_University,1,-72,,,,,,,,,,,,,,,,,,,,,,,,
03/12/2017 09:04,model=SM-G950F_device=dreamlte,32.10278212,35.20974215,707.5329741,1,00:1d:aa:81:d8:3c,KCG-ADSL,3,-62,,,,,,,,,,,,,,,,,,,,,,,,,,,,
03/12/2017 09:04,model=SM-G950F_device=dreamlte,32.10275085,35.20975956,707.6527665,1,1c:b9:c4:96:ee:97, ,36,-85,,,,,,,,,,,,,,,,,,,,,,,,,,,,
03/12/2017 09:04,model=SM-G950F_device=dreamlte,32.10271866,35.20977439,707.7511451,1,1c:b9:c4:14:2c:3c,Ariel_University,52,-77,,,,,,,,,,,,,,,,,,,,,,,,,,,,
03/12/2017 09:04,model=SM-G950F_device=dreamlte,32.1026849,35.20979542,707.8280473,1,1c:b9:c4:96:11:a7, ,44,-87,,,,,,,,,,,,,,,,,,,,,,,,,,,,
03/12/2017 09:04,model=SM-G950F_device=dreamlte,32.1026245,35.20987441,707.9141706,1,02:21:5c:af:69:82,DIRECT-IRDESKTOP-ETE41T5msTU,36,-90,,,,,,,,,,,,,,,,,,,,,,,,,,,,
03/12/2017 09:04,model=SM-G950F_device=dreamlte,32.10260729,35.20989406,707.9376516,1,1c:b9:c4:16:ee:98,Ariel_University,6,-78,,,,,,,,,,,,,,,,,,,,,,,,,,,,
03/12/2017 09:04,model=SM-G950F_device=dreamlte,32.10262261,35.20989285,707.9593217,1,1c:b9:c4:94:2c:37, ,52,-85,,,,,,,,,,,,,,,,,,,,,,,,,,,,
03/12/2017 09:04,model=SM-G950F_device=dreamlte,32.10274869,35.20982946,708.1143382,1,1c:b9:c4:14:2c:38,Ariel_University,6,-76,,,,,,,,,,,,,,,,,,,,,,,,,,,,
03/12/2017 09:04,model=SM-G950F_device=dreamlte,32.10283875,35.20978221,708.273839,1,00:18:25:12:72:f0,Coolnet-Hotspot,7,-92,,,,,,,,,,,,,,,,,,,,,,,,,,,,
03/12/2017 09:05,model=SM-G950F_device=dreamlte,32.10305305,35.20971249,709.1751817,1,1c:b9:c4:96:d2:87, ,44,-90,,,,,,,,,,,,,,,,,,,,,,,,,,,,
03/12/2017 09:05,model=SM-G950F_device=dreamlte,32.10324601,35.20975082,709.8736127,1,1c:b9:c4:96:f4:77, ,36,-91,,,,,,,,,,,,,,,,,,,,,,,,,,,,
03/12/2017 09:05,model=SM-G950F_device=dreamlte,32.10340621,35.20982404,710.2162713,1,1c:b9:c4:16:06:b8,Ariel_University,11,-72,,,,,,,,,,,,,,,,,,,,,,,,,,,,
03/12/2017 09:05,model=SM-G950F_device=dreamlte,32.10351072,35.20990554,710.4194107,2,1c:b9:c4:15:fd:4c,Ariel_University,36,-83,1c:b9:c4:15:ed:3c,Ariel_University,36,-91,,,,,,,,,,,,,,,,,,,,,,,,
03/12/2017 09:05,model=SM-G950F_device=dreamlte,32.10353904,35.20994639,710.4770499,1,1c:b9:c4:95:fd:47, ,36,-88,,,,,,,,,,,,,,,,,,,,,,,,,,,,
03/12/2017 09:06,model=SM-G950F_device=dreamlte,32.10357586,35.20997226,710.5313961,1,1c:b9:c4:16:06:b8,Ariel_University,11,-67,,,,,,,,,,,,,,,,,,,,,,,,,,,,
03/12/2017 09:06,model=SM-G950F_device=dreamlte,32.10360316,35.21000505,710.5814622,1,1c:b9:c4:15:ed:38,Ariel_University,6,-87,,,,,,,,,,,,,,,,,,,,,,,,,,,,
03/12/2017 09:06,model=SM-G950F_device=dreamlte,32.10363048,35.21005058,710.6278805,1,3c:52:82:ef:a4:8b,DIRECT-8A-HP DeskJet 3630 series,6,-82,,,,,,,,,,,,,,,,,,,,,,,,,,,,
03/12/2017 09:06,model=SM-G950F_device=dreamlte,32.10365359,35.21010139,710.6710794,2,00:27:22:f3:bb:2b, ,6,-87,1c:b9:c4:16:1d:7c,Ariel_University,44,-90,,,,,,,,,,,,,,,,,,,,,,,,
03/12/2017 09:06,model=SM-G950F_device=dreamlte,32.10369861,35.21017541,710.7485234,1,24:79:2a:2b:07:bc,Ariel_University,36,-85,,,,,,,,,,,,,,,,,,,,,,,,,,,,
03/12/2017 09:06,model=SM-G950F_device=dreamlte,32.1037249,35.21020742,710.7830608,4,60:e3:27:7b:e0:98,HelpDesk,4,-83,24:79:2a:ab:bd:87, ,44,-84,24:79:2a:2c:5c:1c,Ariel_University,36,-84,24:79:2a:ab:07:b7, ,36,-87,,,,,,,,,,,,,,,,
03/12/2017 09:06,model=SM-G950F_device=dreamlte,32.10375433,35.21024297,710.8162815,1,24:79:2a:2b:bd:8c,Ariel_University,44,-83,,,,,,,,,,,,,,,,,,,,,,,,,,,,
03/12/2017 09:06,model=SM-G950F_device=dreamlte,32.1038101,35.21028362,710.9061261,2,1c:b9:c4:96:1d:77, ,44,-90,1c:b9:c4:96:e5:a7, ,36,-90,,,,,,,,,,,,,,,,,,,,,,,,
03/12/2017 09:06,model=SM-G950F_device=dreamlte,32.10380445,35.21025489,710.9347989,2,24:79:2a:2b:07:b8,Ariel_University,11,-77,24:79:2a:ac:5c:17, ,36,-85,,,,,,,,,,,,,,,,,,,,,,,,
03/12/2017 09:06,model=SM-G950F_device=dreamlte,32.10379649,35.21022897,710.9625735,1,24:79:2a:2b:bd:88,Ariel_University,11,-72,,,,,,,,,,,,,,,,,,,,,,,,,,,,
03/12/2017 09:06,model=SM-G950F_device=dreamlte,32.10376658,35.21014735,711.014349,1,24:79:2a:2c:5b:d8,Ariel_University,1,-80,,,,,,,,,,,,,,,,,,,,,,,,,,,,
03/12/2017 09:06,model=SM-G950F_device=dreamlte,32.10374932,35.21009737,711.0424025,2,1c:b9:c4:16:28:ec,Ariel_University,36,-84,1c:b9:c4:96:28:e7, ,36,-85,,,,,,,,,,,,,,,,,,,,,,,,
03/12/2017 09:06,model=SM-G950F_device=dreamlte,32.10371198,35.21003936,711.0753764,1,1c:b9:c4:15:1c:bc,Ariel_University,36,-84,,,,,,,,,,,,,,,,,,,,,,,,,,,,
03/12/2017 09:06,model=SM-G950F_device=dreamlte,32.10366281,35.20997695,711.1571521,1,8c:0c:90:2e:e8:18,Ariel_University,6,-90,,,,,,,,,,,,,,,,,,,,,,,,,,,,
03/12/2017 09:06,model=SM-G950F_device=dreamlte,32.10363311,35.20994818,711.2034653,1,1c:b9:c4:15:fd:48,Ariel_University,1,-71,,,,,,,,,,,,,,,,,,,,,,,,,,,,
03/12/2017 09:07,model=SM-G950F_device=dreamlte,32.10351134,35.20985736,711.3696458,1,40:a5:ef:7a:17:f2,2.4V1,1,-93,,,,,,,,,,,,,,,,,,,,,,,,,,,,
03/12/2017 09:07,model=SM-G950F_device=dreamlte,32.10347766,35.20984465,711.4208311,1,1c:b9:c4:16:f1:5c,Ariel_University,52,-75,,,,,,,,,,,,,,,,,,,,,,,,,,,,
03/12/2017 09:07,model=SM-G950F_device=dreamlte,32.10343949,35.20983416,711.4667892,1,8c:0c:90:2e:16:88,Ariel_University,11,-80,,,,,,,,,,,,,,,,,,,,,,,,,,,,
03/12/2017 09:07,model=SM-G950F_device=dreamlte,32.10328867,35.209804,711.6736975,1,1c:b9:c4:96:f4:77, ,36,-81,,,,,,,,,,,,,,,,,,,,,,,,,,,,
03/12/2017 09:08,model=SM-G950F_device=dreamlte,32.10290399,35.20969101,712.2357762,2,3c:52:82:ef:c4:3c,DIRECT-3B-HP DeskJet 3630 series,6,-67,1c:b9:c4:95:ec:37, ,36,-78,,,,,,,,,,,,,,,,,,,,,,,,
03/12/2017 09:08,model=SM-G950F_device=dreamlte,32.10238085,35.21000654,712.1937427,4,1c:b9:c4:95:3a:37, ,44,-80,1c:b9:c4:95:1e:67, ,36,-83,1c:b9:c4:15:1e:6c,Ariel_University,36,-83,40:a5:ef:7a:17:f2,2.4V1,1,-92,,,,,,,,,,,,,,,,
03/12/2017 09:09,model=SM-G950F_device=dreamlte,32.10231613,35.21003609,712.1190377,1,40:a5:ef:7a:17:f2,2.4V1,1,-87,,,,,,,,,,,,,,,,,,,,,,,,,,,,
03/12/2017 09:09,model=SM-G950F_device=dreamlte,32.1024612,35.20997699,711.9289257,1,1c:b9:c4:15:3d:6c,Ariel_University,44,-84,,,,,,,,,,,,,,,,,,,,,,,,,,,,
03/12/2017 09:09,model=SM-G950F_device=dreamlte,32.10268971,35.2098678,711.8977403,2,1c:b9:c4:14:2c:3c,Ariel_University,52,-67,30:e1:71:0f:a2:49,DIRECT-47-HP DeskJet 3630 series,6,-79,,,,,,,,,,,,,,,,,,,,,,,,
03/12/2017 09:09,model=SM-G950F_device=dreamlte,32.10273836,35.20985669,711.9071836,1,2a:56:5a:9e:2e:ce,DIRECT-ce-HP M426 LaserJet,6,-77,,,,,,,,,,,,,,,,,,,,,,,,,,,,
03/12/2017 09:09,model=SM-G950F_device=dreamlte,32.10283457,35.20982689,711.9395607,1,1c:b9:c4:16:06:bc,Ariel_University,48,-88,,,,,,,,,,,,,,,,,,,,,,,,,,,,
03/12/2017 09:10,model=SM-G950F_device=dreamlte,32.10295813,35.20966952,712.0551887,1,1c:b9:c4:12:af:78,Ariel_University,11,-68,,,,,,,,,,,,,,,,,,,,,,,,,,,,
